product_id,category,brand,base_price,launch_date,is_premium
1,Grocery,Brand_58,14.19,8/2/2021,0
2,Fashion,Brand_1,25.8,9/14/2021,0
3,Electronics,Brand_70,165.46,1/18/2021,1
4,Fashion,Brand_56,75.45,3/3/2023,1
5,Sports,Brand_1,72.5,4/19/2022,1
6,Fashion,Brand_39,57.08,9/16/2023,0
7,Beauty,Brand_42,27.23,5/17/2023,0
8,Home,Brand_41,121.82,2/16/2021,1
9,Home,Brand_73,25.37,3/11/2023,0
10,Home,Brand_61,84.11,8/21/2022,1
11,Sports,Brand_8,77.71,4/20/2022,1
12,Fashion,Brand_20,14.74,7/27/2021,0
13,Home,Brand_39,61.81,6/15/2022,1
14,Home,Brand_57,73.61,5/2/2023,1
15,Sports,Brand_88,100.75,11/13/2022,1
16,Grocery,Brand_28,15.92,12/18/2021,0
17,Electronics,Brand_75,146.18,8/27/2022,1
18,Sports,Brand_49,72.39,5/8/2022,1
19,Sports,Brand_81,128.05,3/23/2022,1
20,Home,Brand_16,123.17,12/11/2022,1
21,Fashion,Brand_49,56.9,10/11/2021,0
22,Electronics,Brand_67,119.11,1/18/2021,1
23,Electronics,Brand_62,59.39,1/18/2023,0
24,Home,Brand_61,67.65,7/6/2023,1
25,Home,Brand_9,74.82,6/10/2023,1
26,Fashion,Brand_2,57.72,10/4/2021,0
27,Home,Brand_49,52.75,8/9/2022,0
28,Beauty,Brand_4,30.7,1/20/2022,0
29,Beauty,Brand_25,43.46,1/29/2022,0
30,Grocery,Brand_47,15.22,2/27/2021,0
31,Fashion,Brand_28,45.83,3/4/2023,0
32,Home,Brand_78,62.62,11/13/2022,1
33,Beauty,Brand_35,38.6,9/17/2022,0
34,Fashion,Brand_95,58.08,12/22/2023,0
35,Electronics,Brand_37,113.67,8/3/2023,1
36,Grocery,Brand_19,9.68,12/11/2023,0
37,Fashion,Brand_27,60.77,1/21/2023,0
38,Home,Brand_28,133.41,6/5/2021,1
39,Fashion,Brand_62,37.9,1/3/2021,0
40,Home,Brand_12,104.36,11/9/2022,1
41,Beauty,Brand_23,11.2,10/17/2023,0
42,Electronics,Brand_5,77.43,3/19/2021,1
43,Grocery,Brand_72,14.63,5/25/2021,0
44,Electronics,Brand_16,123.03,3/6/2021,1
45,Grocery,Brand_18,30.56,7/24/2021,0
46,Home,Brand_14,174.24,8/6/2021,1
47,Fashion,Brand_34,42.69,8/15/2022,0
48,Fashion,Brand_60,25.13,10/20/2021,0
49,Beauty,Brand_26,41.44,6/22/2021,0
50,Grocery,Brand_76,18.63,2/1/2021,0
51,Fashion,Brand_2,59.09,12/22/2021,0
52,Grocery,Brand_98,16.33,5/3/2022,0
53,Home,Brand_72,117.76,10/8/2023,1
54,Grocery,Brand_90,11.32,2/4/2021,0
55,Grocery,Brand_91,19.82,7/7/2021,0
56,Grocery,Brand_83,9.6,1/31/2021,0
57,Electronics,Brand_25,181.95,5/24/2022,1
58,Home,Brand_86,154.54,10/15/2023,1
59,Sports,Brand_94,113.38,7/29/2022,1
60,Electronics,Brand_84,297.63,6/26/2021,1
61,Home,Brand_36,85.58,5/29/2021,1
62,Sports,Brand_59,70.45,4/24/2023,1
63,Beauty,Brand_87,11.75,11/7/2023,0
64,Electronics,Brand_98,73.84,6/13/2022,1
65,Sports,Brand_79,87.61,5/23/2023,1
66,Fashion,Brand_83,54.05,7/22/2023,0
67,Beauty,Brand_93,37.7,7/11/2021,0
68,Home,Brand_44,49.36,7/5/2022,0
69,Home,Brand_52,97.71,9/2/2023,1
70,Home,Brand_51,127.77,7/3/2021,1
71,Beauty,Brand_91,35.93,8/27/2022,0
72,Fashion,Brand_25,41.24,4/3/2023,0
73,Fashion,Brand_84,55.22,9/4/2022,0
74,Fashion,Brand_36,19.19,6/5/2023,0
75,Home,Brand_24,28.14,5/11/2021,0
76,Fashion,Brand_52,77.61,10/10/2022,1
77,Sports,Brand_25,92.24,9/18/2023,1
78,Home,Brand_6,148.88,1/2/2023,1
79,Beauty,Brand_95,46.28,6/15/2021,0
80,Electronics,Brand_7,160.82,6/18/2022,1
81,Fashion,Brand_68,37.83,10/23/2022,0
82,Fashion,Brand_69,62.58,5/16/2021,1
83,Home,Brand_37,43.62,10/17/2023,0
84,Home,Brand_74,83.57,6/25/2023,1
85,Fashion,Brand_14,72.41,12/22/2022,1
86,Electronics,Brand_20,86.69,12/21/2023,1
87,Electronics,Brand_24,270.57,8/5/2021,1
88,Home,Brand_51,99.8,7/31/2021,1
89,Fashion,Brand_84,45.07,2/14/2023,0
90,Grocery,Brand_98,17.32,10/18/2023,0
91,Home,Brand_97,64.05,1/30/2023,1
92,Sports,Brand_8,55.34,12/6/2021,0
93,Electronics,Brand_27,81.17,5/24/2023,1
94,Fashion,Brand_99,68.63,9/4/2021,1
95,Fashion,Brand_10,87.96,7/16/2021,1
96,Home,Brand_57,174.04,12/12/2022,1
97,Sports,Brand_38,64.51,12/15/2022,1
98,Electronics,Brand_6,79.4,3/3/2022,1
99,Grocery,Brand_47,17.83,8/7/2022,0
100,Fashion,Brand_56,23.85,2/6/2023,0
101,Beauty,Brand_79,36.56,11/24/2023,0
102,Grocery,Brand_18,8.33,10/4/2023,0
103,Fashion,Brand_52,67.44,10/22/2023,1
104,Grocery,Brand_58,7.98,9/14/2022,0
105,Home,Brand_43,85.77,6/19/2023,1
106,Home,Brand_27,101.38,4/30/2023,1
107,Beauty,Brand_59,29.8,9/8/2023,0
108,Grocery,Brand_48,19.69,9/7/2023,0
109,Beauty,Brand_72,24.48,5/1/2022,0
110,Home,Brand_22,117.45,11/29/2023,1
111,Home,Brand_13,114.33,2/7/2021,1
112,Fashion,Brand_59,88.5,8/16/2021,1
113,Grocery,Brand_24,13.51,9/29/2023,0
114,Home,Brand_16,63.29,11/26/2022,1
115,Grocery,Brand_10,9.01,9/2/2023,0
116,Grocery,Brand_16,8.43,3/4/2022,0
117,Grocery,Brand_69,26.36,4/19/2023,0
118,Grocery,Brand_51,16.44,3/1/2022,0
119,Fashion,Brand_7,45.54,5/26/2022,0
120,Fashion,Brand_34,130.64,12/17/2023,1
121,Beauty,Brand_73,39.46,10/7/2021,0
122,Home,Brand_69,123.68,3/29/2023,1
123,Sports,Brand_77,97.08,4/12/2021,1
124,Home,Brand_4,116.12,1/16/2022,1
125,Grocery,Brand_52,14.97,4/9/2021,0
126,Sports,Brand_88,47.88,1/30/2022,0
127,Electronics,Brand_60,116.18,11/1/2022,1
128,Electronics,Brand_67,190.41,12/14/2021,1
129,Beauty,Brand_52,9.81,2/9/2023,0
130,Electronics,Brand_96,107.68,10/2/2023,1
131,Fashion,Brand_18,72.5,8/2/2021,1
132,Electronics,Brand_5,97.99,8/8/2022,1
133,Fashion,Brand_39,112.91,12/16/2023,1
134,Sports,Brand_3,57.18,8/6/2022,0
135,Electronics,Brand_56,152.19,5/9/2022,1
136,Home,Brand_97,52.68,12/7/2023,0
137,Electronics,Brand_72,121.92,3/28/2022,1
138,Fashion,Brand_60,33.36,4/11/2021,0
139,Home,Brand_92,62.55,11/14/2023,1
140,Sports,Brand_78,43.31,11/30/2023,0
141,Electronics,Brand_9,81.11,10/21/2022,1
142,Home,Brand_6,56.35,6/21/2022,0
143,Fashion,Brand_75,39.86,3/5/2022,0
144,Fashion,Brand_83,53.71,2/15/2023,0
145,Electronics,Brand_7,151.04,12/19/2022,1
146,Grocery,Brand_93,10.81,7/6/2022,0
147,Electronics,Brand_54,123.47,9/6/2021,1
148,Electronics,Brand_41,112,4/16/2022,1
149,Electronics,Brand_89,163.21,7/2/2022,1
150,Home,Brand_22,62.73,8/15/2021,1
151,Beauty,Brand_48,58.76,6/7/2021,0
152,Fashion,Brand_4,53.33,12/28/2021,0
153,Sports,Brand_89,69.39,6/17/2023,1
154,Fashion,Brand_84,47.35,4/10/2023,0
155,Fashion,Brand_6,56.66,5/1/2021,0
156,Home,Brand_27,90.3,5/7/2023,1
157,Beauty,Brand_29,18.65,7/5/2023,0
158,Electronics,Brand_42,150.23,3/14/2023,1
159,Grocery,Brand_81,20.39,6/28/2023,0
160,Fashion,Brand_9,51.23,5/30/2022,0
161,Grocery,Brand_80,9.92,8/28/2021,0
162,Beauty,Brand_86,37.11,12/11/2021,0
163,Electronics,Brand_43,82.09,2/10/2023,1
164,Electronics,Brand_84,191.17,2/23/2021,1
165,Fashion,Brand_100,55.18,10/14/2021,0
166,Sports,Brand_61,56.33,12/2/2022,0
167,Grocery,Brand_87,30.69,7/1/2022,0
168,Electronics,Brand_88,83.9,1/5/2022,1
169,Electronics,Brand_8,108.03,12/6/2022,1
170,Grocery,Brand_99,13.11,10/8/2022,0
171,Electronics,Brand_29,217.92,8/17/2021,1
172,Electronics,Brand_94,72.02,5/2/2021,1
173,Home,Brand_27,109.33,1/28/2023,1
174,Grocery,Brand_95,18.46,5/6/2023,0
175,Electronics,Brand_38,95.94,7/20/2021,1
176,Beauty,Brand_12,24.94,12/3/2021,0
177,Electronics,Brand_14,152.66,12/12/2023,1
178,Home,Brand_44,67.46,6/5/2021,1
179,Electronics,Brand_4,191.2,5/27/2023,1
180,Sports,Brand_47,55.68,8/5/2022,0
181,Fashion,Brand_89,53.1,5/24/2022,0
182,Home,Brand_68,46.71,1/3/2022,0
183,Fashion,Brand_56,24.9,12/28/2023,0
184,Electronics,Brand_48,164.5,9/19/2021,1
185,Sports,Brand_84,87.76,6/21/2022,1
186,Fashion,Brand_64,54.89,12/18/2023,0
187,Home,Brand_97,78.87,8/8/2021,1
188,Beauty,Brand_9,29.48,6/18/2021,0
189,Electronics,Brand_84,252.95,4/19/2022,1
190,Electronics,Brand_52,166.89,4/20/2022,1
191,Sports,Brand_47,57.05,6/11/2021,0
192,Electronics,Brand_13,173.6,9/13/2023,1
193,Beauty,Brand_62,21.33,5/27/2022,0
194,Sports,Brand_68,76.61,2/28/2023,1
195,Fashion,Brand_25,53.09,9/8/2022,0
196,Electronics,Brand_31,94.73,9/10/2022,1
197,Fashion,Brand_58,62.85,8/2/2022,1
198,Electronics,Brand_38,77.74,6/10/2023,1
199,Electronics,Brand_39,223.41,10/1/2022,1
200,Home,Brand_87,72.31,9/9/2022,1
201,Beauty,Brand_68,39.11,3/31/2021,0
202,Fashion,Brand_29,42.74,5/6/2021,0
203,Electronics,Brand_83,115.47,7/3/2023,1
204,Electronics,Brand_68,82.59,8/24/2021,1
205,Home,Brand_84,63.24,4/17/2023,1
206,Home,Brand_86,51.19,10/14/2023,0
207,Fashion,Brand_50,96.99,12/13/2023,1
208,Grocery,Brand_84,9.09,8/21/2021,0
209,Electronics,Brand_73,81.39,5/5/2023,1
210,Home,Brand_88,83.07,12/29/2022,1
211,Electronics,Brand_87,84.18,3/19/2021,1
212,Fashion,Brand_34,54.47,7/11/2023,0
213,Home,Brand_6,45.75,7/8/2021,0
214,Electronics,Brand_12,118.06,11/2/2022,1
215,Electronics,Brand_91,111.47,12/3/2023,1
216,Home,Brand_88,83.49,1/8/2023,1
217,Beauty,Brand_44,35.67,11/20/2023,0
218,Electronics,Brand_30,74.5,7/25/2023,1
219,Beauty,Brand_82,55.59,4/19/2021,0
220,Electronics,Brand_84,122.34,12/2/2021,1
221,Fashion,Brand_30,42.32,5/13/2021,0
222,Home,Brand_3,80.73,7/14/2021,1
223,Electronics,Brand_6,399.36,2/22/2023,1
224,Fashion,Brand_34,81.02,7/16/2023,1
225,Home,Brand_50,49.62,7/20/2021,0
226,Home,Brand_84,66.82,8/17/2023,1
227,Fashion,Brand_8,80.44,10/16/2023,1
228,Fashion,Brand_89,42.33,10/2/2022,0
229,Home,Brand_51,122.93,2/15/2021,1
230,Electronics,Brand_80,94.61,6/8/2021,1
231,Electronics,Brand_37,93.76,3/22/2021,1
232,Home,Brand_73,91.28,11/10/2021,1
233,Home,Brand_56,154.81,8/8/2021,1
234,Electronics,Brand_71,165.54,6/15/2023,1
235,Grocery,Brand_50,10.91,7/25/2022,0
236,Sports,Brand_65,98.39,11/7/2021,1
237,Fashion,Brand_93,55.96,2/9/2022,0
238,Beauty,Brand_73,27,4/25/2021,0
239,Fashion,Brand_7,41.26,10/18/2022,0
240,Home,Brand_67,51.09,2/23/2023,0
241,Grocery,Brand_78,14.09,11/24/2023,0
242,Beauty,Brand_45,23.82,5/17/2021,0
243,Sports,Brand_47,40.24,11/3/2023,0
244,Grocery,Brand_40,21.24,10/31/2021,0
245,Beauty,Brand_53,18.83,10/10/2023,0
246,Electronics,Brand_54,64.53,3/30/2022,1
247,Fashion,Brand_74,45.45,9/15/2023,0
248,Fashion,Brand_38,44.57,10/15/2023,0
249,Electronics,Brand_45,67.23,7/10/2022,1
250,Fashion,Brand_8,16.37,4/27/2021,0
251,Fashion,Brand_50,67.75,5/5/2022,1
252,Fashion,Brand_54,74.8,6/14/2022,1
253,Beauty,Brand_18,17.49,12/30/2022,0
254,Fashion,Brand_75,45.5,12/17/2023,0
255,Home,Brand_58,56.63,2/10/2021,0
256,Electronics,Brand_78,152.16,12/2/2022,1
257,Home,Brand_38,80.37,12/17/2022,1
258,Grocery,Brand_91,12.22,5/28/2022,0
259,Sports,Brand_63,58.69,2/7/2023,0
260,Home,Brand_10,126.65,7/5/2021,1
261,Electronics,Brand_92,53.49,3/5/2022,0
262,Home,Brand_99,91.8,9/30/2021,1
263,Fashion,Brand_48,43.49,3/26/2022,0
264,Home,Brand_60,140.24,4/17/2022,1
265,Home,Brand_64,33.43,12/14/2021,0
266,Grocery,Brand_83,20.9,3/12/2022,0
267,Sports,Brand_100,43.84,1/5/2023,0
268,Electronics,Brand_58,196.6,2/24/2021,1
269,Electronics,Brand_53,121.81,1/5/2022,1
270,Beauty,Brand_5,32.14,12/26/2022,0
271,Grocery,Brand_10,44.99,5/26/2022,0
272,Sports,Brand_18,69.02,4/17/2023,1
273,Fashion,Brand_79,43.07,4/10/2021,0
274,Beauty,Brand_87,31.96,4/23/2021,0
275,Grocery,Brand_7,14.76,5/17/2023,0
276,Electronics,Brand_3,80.73,5/19/2022,1
277,Grocery,Brand_57,10.96,1/27/2023,0
278,Fashion,Brand_7,33.38,4/19/2021,0
279,Electronics,Brand_70,137.97,12/12/2023,1
280,Grocery,Brand_62,15.96,6/23/2023,0
281,Grocery,Brand_78,18.07,8/24/2023,0
282,Sports,Brand_51,90.1,8/11/2022,1
283,Electronics,Brand_17,104.81,3/26/2022,1
284,Grocery,Brand_62,8.58,4/1/2022,0
285,Electronics,Brand_64,197.18,9/16/2021,1
286,Beauty,Brand_5,29.38,12/22/2023,0
287,Electronics,Brand_4,159.92,7/1/2021,1
288,Sports,Brand_14,63.18,12/11/2022,1
289,Home,Brand_87,77.34,12/15/2021,1
290,Sports,Brand_1,109.97,3/31/2022,1
291,Home,Brand_82,54.51,5/31/2022,0
292,Electronics,Brand_5,138.05,2/19/2022,1
293,Beauty,Brand_78,31.91,6/16/2022,0
294,Beauty,Brand_35,23.69,1/20/2023,0
295,Grocery,Brand_59,9.48,2/6/2023,0
296,Fashion,Brand_95,48.4,2/28/2022,0
297,Beauty,Brand_63,15.41,2/25/2023,0
298,Grocery,Brand_65,18.25,7/22/2023,0
299,Sports,Brand_31,39.56,2/2/2021,0
300,Electronics,Brand_31,76.33,8/25/2021,1
301,Grocery,Brand_73,12.84,5/24/2023,0
302,Grocery,Brand_95,12.29,9/22/2022,0
303,Fashion,Brand_48,44.4,11/27/2023,0
304,Beauty,Brand_36,29.7,8/17/2023,0
305,Home,Brand_3,68.67,3/7/2023,1
306,Sports,Brand_9,96.37,12/8/2021,1
307,Grocery,Brand_36,15.44,9/2/2021,0
308,Sports,Brand_31,77.05,7/17/2021,1
309,Home,Brand_98,98.88,8/1/2022,1
310,Electronics,Brand_100,152.97,12/17/2021,1
311,Fashion,Brand_30,55.24,4/2/2021,0
312,Fashion,Brand_77,61.86,3/26/2021,1
313,Fashion,Brand_36,59.58,4/24/2021,0
314,Beauty,Brand_5,49.33,4/14/2021,0
315,Home,Brand_63,76.56,5/28/2023,1
316,Electronics,Brand_57,288.45,5/3/2021,1
317,Fashion,Brand_74,51.41,12/28/2021,0
318,Fashion,Brand_36,42,10/7/2023,0
319,Home,Brand_68,50.76,5/20/2022,0
320,Grocery,Brand_81,10.98,1/8/2023,0
321,Sports,Brand_81,87.18,6/14/2021,1
322,Grocery,Brand_43,42.01,7/31/2022,0
323,Fashion,Brand_44,80.5,4/22/2023,1
324,Fashion,Brand_95,89.67,3/23/2022,1
325,Electronics,Brand_5,233.18,11/15/2022,1
326,Grocery,Brand_96,12.2,8/15/2021,0
327,Grocery,Brand_8,14.72,6/11/2023,0
328,Grocery,Brand_45,29.71,12/17/2021,0
329,Sports,Brand_76,75.55,6/1/2021,1
330,Fashion,Brand_33,30.41,4/17/2022,0
331,Home,Brand_21,85.11,7/24/2022,1
332,Beauty,Brand_23,21.34,2/1/2022,0
333,Beauty,Brand_19,61.78,12/17/2021,1
334,Home,Brand_65,73.08,12/21/2021,1
335,Electronics,Brand_56,76.62,7/28/2021,1
336,Fashion,Brand_24,117.63,6/15/2023,1
337,Home,Brand_100,74.5,5/17/2023,1
338,Sports,Brand_35,41.77,7/24/2022,0
339,Grocery,Brand_61,18.15,11/27/2021,0
340,Sports,Brand_84,50.81,4/17/2021,0
341,Home,Brand_80,111.82,11/4/2021,1
342,Beauty,Brand_97,16.94,1/1/2023,0
343,Electronics,Brand_13,175.43,6/27/2022,1
344,Home,Brand_44,68.56,4/8/2023,1
345,Home,Brand_8,60.51,8/13/2023,0
346,Fashion,Brand_81,55.24,4/16/2022,0
347,Home,Brand_41,44.64,9/7/2021,0
348,Beauty,Brand_47,35.23,7/26/2023,0
349,Sports,Brand_8,49.33,12/10/2021,0
350,Fashion,Brand_41,19.04,9/11/2022,0
351,Home,Brand_50,133.85,3/28/2023,1
352,Grocery,Brand_83,10.62,9/28/2021,0
353,Sports,Brand_58,71.01,5/18/2021,1
354,Home,Brand_46,74.59,9/19/2023,1
355,Fashion,Brand_79,63.61,12/24/2021,1
356,Electronics,Brand_25,33.53,10/11/2021,0
357,Fashion,Brand_24,64.79,3/21/2023,1
358,Home,Brand_82,115.94,10/17/2021,1
359,Beauty,Brand_65,39.15,7/16/2022,0
360,Fashion,Brand_46,40.26,5/23/2023,0
361,Grocery,Brand_18,11.83,8/30/2022,0
362,Electronics,Brand_21,137.36,4/23/2022,1
363,Sports,Brand_87,90.88,3/3/2021,1
364,Home,Brand_60,67.46,4/13/2022,1
365,Electronics,Brand_38,152.37,2/24/2023,1
366,Sports,Brand_81,49.1,12/13/2023,0
367,Electronics,Brand_4,115.66,9/13/2023,1
368,Electronics,Brand_15,166.56,1/28/2021,1
369,Fashion,Brand_80,99.64,3/14/2021,1
370,Beauty,Brand_55,46.78,4/2/2023,0
371,Home,Brand_42,117.67,9/30/2023,1
372,Electronics,Brand_24,160.92,7/19/2023,1
373,Home,Brand_20,97.5,7/13/2022,1
374,Home,Brand_88,146.28,11/19/2022,1
375,Grocery,Brand_88,9.43,10/22/2022,0
376,Home,Brand_95,102.65,1/3/2023,1
377,Electronics,Brand_26,59.51,7/31/2022,0
378,Home,Brand_20,113.72,7/23/2021,1
379,Fashion,Brand_45,33.33,3/22/2023,0
380,Electronics,Brand_32,116.8,12/18/2022,1
381,Grocery,Brand_7,21.18,11/1/2022,0
382,Fashion,Brand_52,73.21,2/12/2023,1
383,Electronics,Brand_25,130.42,3/13/2023,1
384,Grocery,Brand_55,18.13,5/7/2021,0
385,Home,Brand_40,44.24,7/14/2022,0
386,Fashion,Brand_5,28.55,5/30/2021,0
387,Fashion,Brand_34,31.22,7/29/2023,0
388,Home,Brand_55,131.92,7/12/2023,1
389,Grocery,Brand_17,21.15,6/27/2021,0
390,Electronics,Brand_35,160.72,8/2/2023,1
391,Electronics,Brand_76,123.95,12/13/2021,1
392,Grocery,Brand_52,11.94,7/8/2022,0
393,Fashion,Brand_91,52.35,9/5/2022,0
394,Home,Brand_60,98.01,8/17/2021,1
395,Home,Brand_67,185.92,12/7/2023,1
396,Home,Brand_96,187.2,4/11/2023,1
397,Fashion,Brand_6,83.55,6/20/2022,1
398,Electronics,Brand_64,70.18,1/13/2022,1
399,Home,Brand_60,87.85,11/3/2021,1
400,Grocery,Brand_23,15.93,7/2/2022,0
401,Fashion,Brand_89,59.81,9/7/2022,0
402,Electronics,Brand_8,110.15,11/26/2021,1
403,Beauty,Brand_61,31.57,4/20/2022,0
404,Home,Brand_8,58.71,12/10/2022,0
405,Grocery,Brand_28,24.95,8/2/2023,0
406,Fashion,Brand_32,53.54,11/14/2023,0
407,Sports,Brand_83,78.51,11/6/2021,1
408,Grocery,Brand_39,14.64,1/8/2022,0
409,Fashion,Brand_31,40.81,7/12/2022,0
410,Fashion,Brand_97,56.19,10/8/2023,0
411,Electronics,Brand_33,135.91,1/27/2023,1
412,Home,Brand_74,203.07,12/25/2021,1
413,Sports,Brand_78,34.95,12/14/2023,0
414,Sports,Brand_62,70.11,1/27/2023,1
415,Beauty,Brand_27,40.91,3/29/2021,0
416,Fashion,Brand_14,30.67,2/14/2022,0
417,Sports,Brand_57,99.3,11/8/2022,1
418,Electronics,Brand_80,166.55,12/15/2021,1
419,Fashion,Brand_87,63.65,3/23/2021,1
420,Beauty,Brand_96,14.53,2/3/2023,0
421,Fashion,Brand_100,124.6,7/27/2023,1
422,Fashion,Brand_16,86.6,1/11/2022,1
423,Sports,Brand_31,68.68,1/17/2022,1
424,Home,Brand_59,95.85,4/30/2023,1
425,Sports,Brand_38,52.28,2/4/2021,0
426,Grocery,Brand_22,6.68,11/20/2022,0
427,Grocery,Brand_27,11.31,9/26/2022,0
428,Electronics,Brand_100,75.4,3/28/2022,1
429,Home,Brand_25,73.38,11/6/2022,1
430,Electronics,Brand_46,108.99,10/20/2022,1
431,Grocery,Brand_68,21.51,8/31/2023,0
432,Grocery,Brand_70,8.86,2/14/2023,0
433,Beauty,Brand_3,26.01,11/21/2023,0
434,Electronics,Brand_62,84.24,1/16/2021,1
435,Electronics,Brand_16,94.35,5/14/2021,1
436,Home,Brand_82,132.4,2/22/2023,1
437,Sports,Brand_97,95.26,6/24/2023,1
438,Home,Brand_29,86.44,8/2/2021,1
439,Fashion,Brand_4,34.84,2/1/2022,0
440,Fashion,Brand_45,86.75,11/2/2023,1
441,Grocery,Brand_18,19.85,5/18/2022,0
442,Fashion,Brand_71,44.73,5/19/2021,0
443,Electronics,Brand_99,148.63,1/20/2023,1
444,Sports,Brand_32,81.15,3/20/2022,1
445,Sports,Brand_40,54.94,8/21/2023,0
446,Home,Brand_3,74.12,4/16/2023,1
447,Home,Brand_78,83.06,4/27/2023,1
448,Fashion,Brand_4,58.84,7/26/2021,0
449,Home,Brand_1,83.23,6/30/2021,1
450,Home,Brand_54,75.71,8/9/2023,1
451,Beauty,Brand_2,34.22,12/28/2021,0
452,Home,Brand_41,86.29,4/7/2023,1
453,Grocery,Brand_18,12.44,6/20/2023,0
454,Electronics,Brand_31,125.9,12/9/2022,1
455,Fashion,Brand_77,62.14,3/11/2022,1
456,Electronics,Brand_3,140.53,6/11/2021,1
457,Fashion,Brand_68,26.49,10/7/2023,0
458,Sports,Brand_70,51.69,6/17/2022,0
459,Electronics,Brand_36,155.11,12/18/2021,1
460,Fashion,Brand_58,55.97,6/18/2022,0
461,Grocery,Brand_49,18.76,4/22/2023,0
462,Grocery,Brand_59,21.79,11/1/2022,0
463,Beauty,Brand_13,23.22,2/5/2023,0
464,Fashion,Brand_30,59.25,1/15/2022,0
465,Fashion,Brand_88,41.35,9/21/2023,0
466,Sports,Brand_10,91.46,6/30/2021,1
467,Sports,Brand_44,69.73,5/20/2021,1
468,Electronics,Brand_12,97.5,2/8/2022,1
469,Grocery,Brand_93,19.44,3/12/2022,0
470,Electronics,Brand_23,148.42,6/1/2021,1
471,Home,Brand_69,63.45,7/8/2023,1
472,Electronics,Brand_52,82.77,6/12/2022,1
473,Electronics,Brand_54,106.45,4/30/2022,1
474,Beauty,Brand_19,36.35,6/20/2023,0
475,Electronics,Brand_93,185.51,8/23/2022,1
476,Fashion,Brand_57,51.83,2/14/2021,0
477,Beauty,Brand_7,24.51,2/19/2023,0
478,Beauty,Brand_85,32.84,8/12/2023,0
479,Fashion,Brand_100,55.87,7/4/2021,0
480,Home,Brand_60,115.9,5/20/2022,1
481,Electronics,Brand_50,68.69,4/3/2022,1
482,Home,Brand_96,39.73,12/31/2021,0
483,Fashion,Brand_3,44.26,3/4/2021,0
484,Electronics,Brand_49,185.91,3/26/2023,1
485,Sports,Brand_85,59.71,1/25/2023,0
486,Home,Brand_43,85.88,3/25/2022,1
487,Beauty,Brand_99,28.9,8/20/2023,0
488,Beauty,Brand_94,16.54,6/17/2023,0
489,Grocery,Brand_16,28,10/18/2021,0
490,Sports,Brand_90,61.22,1/31/2021,0
491,Home,Brand_69,52.44,11/22/2023,0
492,Beauty,Brand_75,27.13,2/9/2023,0
493,Fashion,Brand_27,52.36,1/26/2021,0
494,Grocery,Brand_86,15.05,3/25/2022,0
495,Electronics,Brand_24,167.2,6/26/2022,1
496,Electronics,Brand_16,464.58,10/31/2022,1
497,Fashion,Brand_95,67,10/9/2023,1
498,Fashion,Brand_20,61.54,6/2/2021,1
499,Home,Brand_58,89.69,12/12/2022,1
500,Sports,Brand_82,98.84,2/15/2021,1
501,Grocery,Brand_81,21.29,11/19/2022,0
502,Grocery,Brand_83,15.57,5/4/2022,0
503,Electronics,Brand_21,121.38,7/15/2023,1
504,Sports,Brand_46,72.69,1/18/2021,1
505,Home,Brand_55,126.93,6/10/2023,1
506,Fashion,Brand_95,38.04,9/2/2023,0
507,Grocery,Brand_73,12.68,9/14/2021,0
508,Fashion,Brand_51,16.97,11/14/2021,0
509,Grocery,Brand_38,39.58,8/29/2022,0
510,Electronics,Brand_8,128.37,4/4/2022,1
511,Sports,Brand_18,121.26,2/7/2022,1
512,Fashion,Brand_10,30.34,3/22/2022,0
513,Grocery,Brand_8,17.48,9/1/2021,0
514,Fashion,Brand_78,71.96,6/2/2022,1
515,Electronics,Brand_69,81.58,4/23/2023,1
516,Electronics,Brand_19,97.64,11/4/2021,1
517,Fashion,Brand_52,78.75,2/9/2021,1
518,Fashion,Brand_85,58.37,12/29/2022,0
519,Home,Brand_49,60.09,6/17/2023,0
520,Grocery,Brand_82,19.79,11/22/2023,0
521,Sports,Brand_49,75.45,6/15/2022,1
522,Fashion,Brand_85,68.98,11/11/2022,1
523,Beauty,Brand_30,38.9,3/7/2022,0
524,Fashion,Brand_7,53.2,4/18/2023,0
525,Fashion,Brand_23,51.51,4/28/2023,0
526,Beauty,Brand_94,40.79,12/28/2023,0
527,Electronics,Brand_50,114.68,2/14/2021,1
528,Electronics,Brand_69,152.74,4/10/2022,1
529,Electronics,Brand_16,108.79,2/17/2022,1
530,Grocery,Brand_68,7.78,12/18/2021,0
531,Electronics,Brand_99,110.8,7/23/2022,1
532,Sports,Brand_62,104.76,8/31/2023,1
533,Home,Brand_94,94.16,8/15/2023,1
534,Electronics,Brand_100,151.23,11/4/2021,1
535,Home,Brand_28,104.51,11/29/2021,1
536,Beauty,Brand_27,27.85,4/6/2023,0
537,Home,Brand_41,56.06,12/3/2023,0
538,Sports,Brand_71,82.07,8/11/2023,1
539,Sports,Brand_62,44.87,10/1/2021,0
540,Fashion,Brand_40,21.29,11/3/2022,0
541,Beauty,Brand_50,38.14,9/5/2022,0
542,Electronics,Brand_98,57.44,10/6/2021,0
543,Electronics,Brand_30,112.03,12/17/2022,1
544,Electronics,Brand_41,78.58,10/13/2023,1
545,Fashion,Brand_75,67.55,9/13/2021,1
546,Grocery,Brand_8,14.39,12/24/2023,0
547,Electronics,Brand_12,199.24,8/11/2023,1
548,Home,Brand_49,91.07,7/18/2023,1
549,Grocery,Brand_12,26.12,10/31/2021,0
550,Electronics,Brand_77,208.06,3/16/2021,1
551,Sports,Brand_82,52.04,6/7/2021,0
552,Grocery,Brand_21,11.22,11/15/2023,0
553,Sports,Brand_55,91.28,4/22/2022,1
554,Electronics,Brand_91,97.97,8/29/2022,1
555,Grocery,Brand_41,18.06,4/18/2021,0
556,Home,Brand_9,97.69,2/21/2023,1
557,Fashion,Brand_76,60.39,11/5/2023,0
558,Electronics,Brand_70,146.29,1/25/2022,1
559,Electronics,Brand_3,79.22,7/7/2023,1
560,Electronics,Brand_50,133.59,4/17/2023,1
561,Sports,Brand_14,73.88,9/24/2022,1
562,Grocery,Brand_13,13.78,11/16/2021,0
563,Home,Brand_56,67.08,10/3/2022,1
564,Electronics,Brand_26,245.45,3/25/2022,1
565,Electronics,Brand_75,95.03,1/29/2022,1
566,Home,Brand_68,77.96,7/17/2022,1
567,Fashion,Brand_6,47.78,5/16/2022,0
568,Home,Brand_8,126.81,3/2/2023,1
569,Grocery,Brand_75,15.45,7/13/2021,0
570,Home,Brand_8,115.02,1/13/2021,1
571,Grocery,Brand_3,23.73,3/25/2023,0
572,Fashion,Brand_69,37.16,3/8/2023,0
573,Home,Brand_50,77.01,9/3/2022,1
574,Home,Brand_40,88.68,10/31/2021,1
575,Sports,Brand_60,87.05,11/5/2022,1
576,Beauty,Brand_46,24.65,1/27/2021,0
577,Electronics,Brand_6,113.4,10/18/2022,1
578,Sports,Brand_33,22.57,5/4/2023,0
579,Beauty,Brand_14,24.43,12/22/2023,0
580,Fashion,Brand_57,53.9,11/26/2023,0
581,Electronics,Brand_85,230.07,4/6/2021,1
582,Sports,Brand_44,46.35,4/10/2021,0
583,Sports,Brand_92,156.84,10/10/2021,1
584,Fashion,Brand_56,44.4,12/12/2021,0
585,Home,Brand_31,75.38,3/11/2023,1
586,Electronics,Brand_46,107.95,10/1/2022,1
587,Home,Brand_66,134.4,12/17/2022,1
588,Home,Brand_48,55.49,9/9/2022,0
589,Electronics,Brand_32,153.25,8/5/2023,1
590,Home,Brand_62,38.8,9/17/2022,0
591,Electronics,Brand_29,164.09,8/25/2021,1
592,Electronics,Brand_48,71.12,3/9/2023,1
593,Electronics,Brand_71,115.79,11/23/2021,1
594,Electronics,Brand_19,112.89,11/10/2022,1
595,Beauty,Brand_71,26.97,12/3/2022,0
596,Fashion,Brand_63,55.79,5/14/2021,0
597,Beauty,Brand_41,38.91,7/5/2022,0
598,Electronics,Brand_95,131.34,8/24/2021,1
599,Home,Brand_26,101.97,1/5/2023,1
600,Grocery,Brand_48,15.07,7/9/2021,0
601,Sports,Brand_72,34.58,1/12/2021,0
602,Home,Brand_65,81.5,4/28/2023,1
603,Electronics,Brand_72,76.66,6/11/2022,1
604,Grocery,Brand_97,8.96,2/26/2023,0
605,Fashion,Brand_45,53.64,3/28/2022,0
606,Home,Brand_32,158.02,10/23/2021,1
607,Home,Brand_95,106.13,5/11/2023,1
608,Electronics,Brand_11,61.25,11/12/2023,1
609,Electronics,Brand_19,78.41,7/23/2023,1
610,Home,Brand_24,46.2,1/21/2021,0
611,Sports,Brand_75,108.69,2/1/2022,1
612,Fashion,Brand_31,42.54,6/12/2022,0
613,Fashion,Brand_54,30.44,4/25/2023,0
614,Fashion,Brand_45,52.19,4/15/2022,0
615,Home,Brand_61,91.72,9/9/2022,1
616,Home,Brand_47,82.85,5/27/2022,1
617,Electronics,Brand_2,87.57,5/20/2022,1
618,Home,Brand_60,85.54,11/17/2023,1
619,Grocery,Brand_20,10.21,11/25/2023,0
620,Fashion,Brand_78,85.64,8/14/2023,1
621,Fashion,Brand_67,66.24,11/23/2021,1
622,Fashion,Brand_70,93.32,8/22/2021,1
623,Home,Brand_49,61.36,10/13/2022,1
624,Grocery,Brand_49,25.37,7/4/2022,0
625,Grocery,Brand_69,17.87,1/14/2023,0
626,Beauty,Brand_67,33.63,11/27/2021,0
627,Home,Brand_43,119.38,6/15/2021,1
628,Electronics,Brand_67,272.98,5/26/2021,1
629,Fashion,Brand_90,55.17,9/1/2021,0
630,Fashion,Brand_71,47.27,1/14/2021,0
631,Fashion,Brand_55,36.14,10/28/2022,0
632,Grocery,Brand_9,20.3,9/6/2021,0
633,Home,Brand_56,172.13,12/4/2023,1
634,Home,Brand_72,120.69,5/13/2022,1
635,Fashion,Brand_51,34.39,11/6/2021,0
636,Electronics,Brand_60,106.38,5/4/2022,1
637,Beauty,Brand_59,33.52,5/16/2022,0
638,Home,Brand_86,74.46,5/27/2021,1
639,Fashion,Brand_90,38.4,8/27/2023,0
640,Beauty,Brand_74,32.93,3/29/2021,0
641,Electronics,Brand_63,121.27,1/25/2021,1
642,Grocery,Brand_23,13.44,6/27/2021,0
643,Beauty,Brand_86,30.93,12/27/2023,0
644,Grocery,Brand_40,16.11,5/3/2021,0
645,Sports,Brand_36,132.72,5/17/2023,1
646,Home,Brand_92,121.91,6/26/2023,1
647,Sports,Brand_51,63.29,7/21/2022,1
648,Electronics,Brand_56,112.41,12/8/2023,1
649,Home,Brand_66,187.53,1/15/2022,1
650,Home,Brand_44,50.94,8/15/2022,0
651,Grocery,Brand_70,9.3,8/24/2021,0
652,Grocery,Brand_5,8.96,11/1/2023,0
653,Fashion,Brand_76,31.85,8/5/2023,0
654,Beauty,Brand_68,30.31,12/10/2021,0
655,Sports,Brand_22,100.79,12/24/2022,1
656,Grocery,Brand_99,16.31,8/14/2022,0
657,Grocery,Brand_68,5.11,8/12/2021,0
658,Fashion,Brand_18,62.28,9/15/2023,1
659,Grocery,Brand_7,5.73,4/17/2021,0
660,Home,Brand_57,41.05,5/21/2023,0
661,Electronics,Brand_87,116.06,8/20/2021,1
662,Electronics,Brand_67,125.75,5/28/2022,1
663,Home,Brand_67,88.49,6/25/2022,1
664,Beauty,Brand_32,42.75,12/8/2023,0
665,Grocery,Brand_63,24.86,6/12/2022,0
666,Home,Brand_51,139.74,8/10/2023,1
667,Grocery,Brand_80,12.46,2/22/2023,0
668,Electronics,Brand_7,133.48,3/22/2023,1
669,Electronics,Brand_75,100.67,11/15/2021,1
670,Home,Brand_3,85.74,5/6/2023,1
671,Electronics,Brand_68,99.27,8/12/2023,1
672,Grocery,Brand_66,21.58,10/29/2023,0
673,Electronics,Brand_82,155.04,7/10/2022,1
674,Beauty,Brand_49,30.09,4/14/2022,0
675,Fashion,Brand_89,100.28,5/13/2022,1
676,Grocery,Brand_23,12.55,2/17/2022,0
677,Fashion,Brand_100,25.06,5/21/2022,0
678,Home,Brand_83,59.85,1/29/2022,0
679,Sports,Brand_81,50.79,1/19/2023,0
680,Fashion,Brand_79,43.67,7/10/2023,0
681,Home,Brand_12,124.64,5/11/2021,1
682,Fashion,Brand_83,21.86,4/7/2021,0
683,Electronics,Brand_3,142.8,2/17/2023,1
684,Home,Brand_89,97.57,9/2/2021,1
685,Home,Brand_72,73.47,3/1/2023,1
686,Electronics,Brand_20,133.2,10/23/2023,1
687,Electronics,Brand_43,231.28,2/27/2022,1
688,Electronics,Brand_14,102.6,2/18/2021,1
689,Grocery,Brand_31,16.15,9/14/2021,0
690,Fashion,Brand_64,25.47,4/23/2023,0
691,Grocery,Brand_17,11.91,6/1/2021,0
692,Electronics,Brand_70,115.61,10/12/2022,1
693,Beauty,Brand_44,55.18,1/3/2021,0
694,Beauty,Brand_6,29.21,3/12/2022,0
695,Electronics,Brand_71,93.79,7/14/2021,1
696,Grocery,Brand_39,20.07,12/8/2023,0
697,Electronics,Brand_76,96.47,10/19/2023,1
698,Fashion,Brand_58,60.34,6/18/2022,0
699,Fashion,Brand_4,33.53,10/30/2022,0
700,Electronics,Brand_40,101.85,5/27/2022,1
701,Grocery,Brand_13,12.84,7/4/2022,0
702,Grocery,Brand_63,15.56,6/20/2022,0
703,Electronics,Brand_55,93.92,12/2/2021,1
704,Fashion,Brand_70,62.24,11/21/2022,1
705,Electronics,Brand_53,279.87,2/14/2021,1
706,Grocery,Brand_36,6.86,3/21/2021,0
707,Home,Brand_71,57,9/20/2022,0
708,Electronics,Brand_6,92.08,5/16/2023,1
709,Fashion,Brand_98,71.54,9/5/2023,1
710,Beauty,Brand_40,19,4/21/2022,0
711,Fashion,Brand_100,45.44,8/14/2021,0
712,Fashion,Brand_1,55.48,10/25/2021,0
713,Electronics,Brand_74,66.58,6/30/2021,1
714,Sports,Brand_35,47.82,5/18/2022,0
715,Grocery,Brand_8,16.28,7/11/2023,0
716,Beauty,Brand_7,34.28,2/6/2022,0
717,Fashion,Brand_93,89.93,2/3/2023,1
718,Grocery,Brand_79,11.95,9/27/2023,0
719,Grocery,Brand_1,16.23,12/17/2023,0
720,Fashion,Brand_83,51.79,11/16/2021,0
721,Home,Brand_57,36.51,12/13/2021,0
722,Fashion,Brand_74,45.88,8/28/2022,0
723,Electronics,Brand_32,67.04,5/30/2021,1
724,Home,Brand_53,83.16,7/30/2022,1
725,Fashion,Brand_1,40.75,11/16/2022,0
726,Electronics,Brand_28,171.12,2/13/2022,1
727,Electronics,Brand_2,202.15,11/28/2023,1
728,Grocery,Brand_65,18.71,6/14/2023,0
729,Home,Brand_5,117.38,12/3/2023,1
730,Electronics,Brand_56,377.64,9/28/2023,1
731,Beauty,Brand_7,42.72,4/19/2022,0
732,Home,Brand_34,128.28,11/16/2021,1
733,Electronics,Brand_51,145.73,2/18/2022,1
734,Beauty,Brand_43,37.35,6/5/2022,0
735,Beauty,Brand_84,23.6,6/26/2023,0
736,Beauty,Brand_50,10.13,12/27/2023,0
737,Electronics,Brand_16,152.54,2/12/2022,1
738,Electronics,Brand_90,178.42,10/1/2022,1
739,Electronics,Brand_76,169.79,6/25/2021,1
740,Electronics,Brand_14,160.83,4/6/2023,1
741,Grocery,Brand_93,17.14,9/3/2023,0
742,Fashion,Brand_68,35.42,4/21/2022,0
743,Home,Brand_97,81.51,8/14/2023,1
744,Grocery,Brand_77,14.2,4/17/2022,0
745,Grocery,Brand_36,16.35,7/30/2021,0
746,Grocery,Brand_76,15.34,3/22/2023,0
747,Fashion,Brand_86,41.36,2/14/2021,0
748,Electronics,Brand_94,93.24,3/8/2021,1
749,Sports,Brand_34,48.57,12/26/2022,0
750,Electronics,Brand_89,112.26,8/25/2023,1
751,Fashion,Brand_3,21.78,4/20/2023,0
752,Fashion,Brand_17,48.1,10/13/2023,0
753,Fashion,Brand_1,81.2,6/24/2023,1
754,Fashion,Brand_9,61.6,10/4/2021,1
755,Fashion,Brand_17,40.1,8/29/2021,0
756,Home,Brand_6,126.36,12/24/2021,1
757,Home,Brand_27,85.41,9/17/2022,1
758,Grocery,Brand_60,8.77,6/12/2021,0
759,Beauty,Brand_57,33.04,8/4/2021,0
760,Home,Brand_64,101.23,8/16/2021,1
761,Home,Brand_69,178.76,5/8/2023,1
762,Home,Brand_28,49.48,7/29/2023,0
763,Home,Brand_19,69.28,4/27/2022,1
764,Grocery,Brand_45,18.23,5/23/2022,0
765,Grocery,Brand_7,17.89,11/21/2021,0
766,Grocery,Brand_7,23.57,8/5/2022,0
767,Electronics,Brand_30,81.64,2/7/2021,1
768,Home,Brand_58,61.26,1/6/2021,1
769,Electronics,Brand_69,149.38,1/14/2021,1
770,Sports,Brand_28,89.2,5/18/2022,1
771,Electronics,Brand_25,136.01,8/5/2022,1
772,Grocery,Brand_81,19.91,12/15/2022,0
773,Sports,Brand_34,60,10/1/2022,0
774,Electronics,Brand_39,95.09,2/6/2022,1
775,Grocery,Brand_27,46.55,11/8/2021,0
776,Beauty,Brand_9,8.9,3/31/2023,0
777,Home,Brand_36,73.46,5/28/2022,1
778,Beauty,Brand_63,17.95,7/27/2022,0
779,Grocery,Brand_86,13.62,12/10/2023,0
780,Fashion,Brand_23,59.35,8/14/2023,0
781,Home,Brand_33,121.76,5/29/2022,1
782,Fashion,Brand_96,86.73,7/18/2023,1
783,Electronics,Brand_52,41.66,5/29/2022,0
784,Electronics,Brand_92,188.05,6/21/2021,1
785,Sports,Brand_93,138.25,2/16/2021,1
786,Home,Brand_50,48.12,1/25/2021,0
787,Grocery,Brand_32,12.89,12/29/2023,0
788,Home,Brand_91,57.03,2/9/2023,0
789,Fashion,Brand_23,16.11,10/9/2021,0
790,Electronics,Brand_93,144.12,3/24/2023,1
791,Electronics,Brand_38,130.65,2/5/2022,1
792,Grocery,Brand_68,23.03,6/26/2022,0
793,Fashion,Brand_49,61.05,5/24/2022,0
794,Home,Brand_39,177.74,4/21/2022,1
795,Home,Brand_100,47.09,2/21/2021,0
796,Home,Brand_78,118.92,5/25/2022,1
797,Grocery,Brand_88,9.26,1/18/2021,0
798,Electronics,Brand_20,110.28,8/15/2023,1
799,Fashion,Brand_73,49.56,9/16/2022,0
800,Electronics,Brand_70,137.87,4/16/2021,1
801,Fashion,Brand_19,70.51,2/18/2023,1
802,Grocery,Brand_82,17.75,1/3/2021,0
803,Home,Brand_75,143.1,9/14/2021,1
804,Sports,Brand_60,39.07,5/5/2022,0
805,Home,Brand_20,118.65,4/10/2021,1
806,Home,Brand_63,55.65,1/1/2021,0
807,Home,Brand_14,55.97,5/22/2021,0
808,Fashion,Brand_74,40.83,11/29/2021,0
809,Fashion,Brand_52,73.88,6/19/2022,1
810,Electronics,Brand_92,79.71,1/16/2022,1
811,Electronics,Brand_78,84.07,5/15/2022,1
812,Electronics,Brand_59,152.48,7/9/2023,1
813,Grocery,Brand_49,12.01,3/30/2023,0
814,Fashion,Brand_62,27.33,3/13/2023,0
815,Sports,Brand_67,71.75,1/23/2022,1
816,Fashion,Brand_15,62.36,8/13/2021,1
817,Home,Brand_81,93.71,2/12/2023,1
818,Electronics,Brand_25,120.73,1/24/2021,1
819,Electronics,Brand_90,131.67,10/3/2021,1
820,Sports,Brand_78,83.39,5/10/2021,1
821,Home,Brand_56,66.39,10/14/2023,1
822,Home,Brand_31,75.56,11/6/2022,1
823,Beauty,Brand_39,61.85,8/29/2022,1
824,Electronics,Brand_1,152.18,2/27/2023,1
825,Home,Brand_82,81.46,4/2/2021,1
826,Electronics,Brand_88,158.59,6/23/2021,1
827,Sports,Brand_1,58.11,12/31/2022,0
828,Grocery,Brand_47,20.84,10/30/2021,0
829,Electronics,Brand_47,114.87,10/31/2023,1
830,Electronics,Brand_80,242.9,11/13/2023,1
831,Home,Brand_79,64.43,6/23/2021,1
832,Home,Brand_88,77.8,4/17/2022,1
833,Beauty,Brand_12,35.27,4/19/2022,0
834,Home,Brand_31,78.7,12/6/2022,1
835,Home,Brand_61,76.74,10/15/2023,1
836,Fashion,Brand_46,170.42,5/2/2022,1
837,Home,Brand_41,101.06,12/4/2021,1
838,Fashion,Brand_95,52.69,1/15/2022,0
839,Home,Brand_73,70.23,4/11/2022,1
840,Electronics,Brand_41,102.79,6/16/2022,1
841,Fashion,Brand_40,44.12,1/13/2023,0
842,Electronics,Brand_24,90.63,12/29/2021,1
843,Grocery,Brand_27,13.12,1/24/2023,0
844,Fashion,Brand_6,36.42,4/24/2022,0
845,Fashion,Brand_84,53.2,6/11/2021,0
846,Fashion,Brand_44,65.23,11/13/2021,1
847,Beauty,Brand_89,45.84,3/25/2023,0
848,Home,Brand_80,75.69,2/4/2023,1
849,Grocery,Brand_19,11.42,2/2/2021,0
850,Home,Brand_42,90.17,2/7/2023,1
851,Electronics,Brand_85,159.39,7/10/2022,1
852,Fashion,Brand_37,32.31,7/5/2021,0
853,Electronics,Brand_94,146.42,3/17/2021,1
854,Beauty,Brand_68,54.12,1/1/2021,0
855,Fashion,Brand_4,67.44,5/12/2021,1
856,Grocery,Brand_46,16.89,2/16/2023,0
857,Electronics,Brand_9,185.19,5/2/2022,1
858,Beauty,Brand_91,21.46,6/7/2021,0
859,Electronics,Brand_28,111.08,2/15/2021,1
860,Home,Brand_54,136.61,2/24/2023,1
861,Fashion,Brand_32,44.34,5/12/2023,0
862,Home,Brand_33,138.9,1/15/2022,1
863,Fashion,Brand_29,29.28,1/11/2021,0
864,Electronics,Brand_83,58.5,11/15/2023,0
865,Beauty,Brand_30,51.76,7/26/2022,0
866,Grocery,Brand_90,12.5,3/9/2021,0
867,Sports,Brand_48,54.04,1/2/2023,0
868,Sports,Brand_32,72.18,6/20/2022,1
869,Electronics,Brand_55,146.36,10/11/2022,1
870,Grocery,Brand_47,29.64,11/20/2021,0
871,Electronics,Brand_22,104.15,8/13/2021,1
872,Home,Brand_54,97.95,6/9/2022,1
873,Grocery,Brand_55,20.2,9/5/2022,0
874,Electronics,Brand_21,164.4,9/23/2023,1
875,Electronics,Brand_27,115.37,10/31/2023,1
876,Home,Brand_62,234.84,8/15/2022,1
877,Grocery,Brand_42,8.44,12/29/2022,0
878,Grocery,Brand_54,22.09,7/5/2023,0
879,Home,Brand_12,45.12,4/13/2023,0
880,Fashion,Brand_25,63.83,7/3/2023,1
881,Electronics,Brand_1,178.36,7/30/2021,1
882,Fashion,Brand_92,78.16,7/20/2022,1
883,Grocery,Brand_43,7.76,8/5/2022,0
884,Grocery,Brand_72,12.2,9/22/2021,0
885,Home,Brand_10,116.65,12/15/2023,1
886,Fashion,Brand_51,25.17,6/3/2022,0
887,Beauty,Brand_55,28,7/7/2022,0
888,Beauty,Brand_2,18.04,5/26/2021,0
889,Electronics,Brand_84,112.29,11/22/2023,1
890,Electronics,Brand_66,103.59,11/29/2023,1
891,Electronics,Brand_70,94.7,5/31/2023,1
892,Home,Brand_11,58.77,2/10/2021,0
893,Home,Brand_86,60.53,1/4/2023,0
894,Fashion,Brand_30,84.37,1/1/2022,1
895,Grocery,Brand_8,7.65,10/6/2023,0
896,Fashion,Brand_84,64.11,5/15/2023,1
897,Fashion,Brand_42,50.23,5/17/2021,0
898,Fashion,Brand_72,34.84,3/10/2022,0
899,Electronics,Brand_65,176.65,12/28/2022,1
900,Electronics,Brand_63,106.95,2/13/2022,1
901,Sports,Brand_57,80.9,4/23/2022,1
902,Electronics,Brand_65,196.95,11/16/2023,1
903,Home,Brand_61,66.52,6/26/2021,1
904,Fashion,Brand_90,44.3,2/10/2023,0
905,Fashion,Brand_7,87.67,5/22/2022,1
906,Home,Brand_23,66.31,11/9/2021,1
907,Beauty,Brand_33,28.26,1/23/2022,0
908,Electronics,Brand_35,139.16,3/4/2021,1
909,Grocery,Brand_82,19.95,3/29/2022,0
910,Electronics,Brand_16,107.98,10/2/2022,1
911,Fashion,Brand_10,53.4,5/21/2023,0
912,Electronics,Brand_70,166.6,4/13/2022,1
913,Grocery,Brand_27,14.05,4/19/2022,0
914,Fashion,Brand_38,45.87,4/19/2023,0
915,Fashion,Brand_48,52.26,9/24/2022,0
916,Fashion,Brand_73,44.49,7/17/2022,0
917,Home,Brand_5,85.92,10/23/2021,1
918,Fashion,Brand_7,23.03,1/5/2023,0
919,Home,Brand_15,195.76,12/8/2021,1
920,Beauty,Brand_64,36.58,1/24/2022,0
921,Beauty,Brand_60,38.31,2/16/2022,0
922,Electronics,Brand_99,140.06,1/11/2023,1
923,Fashion,Brand_93,58.4,5/14/2021,0
924,Fashion,Brand_28,40.17,10/24/2023,0
925,Grocery,Brand_47,17.06,12/31/2021,0
926,Grocery,Brand_1,14.28,2/8/2022,0
927,Grocery,Brand_38,13.9,10/16/2021,0
928,Electronics,Brand_17,76.14,9/25/2022,1
929,Electronics,Brand_24,90.2,12/10/2023,1
930,Grocery,Brand_14,8.97,3/14/2023,0
931,Fashion,Brand_23,58.08,3/10/2023,0
932,Fashion,Brand_76,103.79,9/25/2021,1
933,Electronics,Brand_34,184.09,2/17/2023,1
934,Home,Brand_78,41.65,6/25/2022,0
935,Sports,Brand_78,81.87,12/9/2023,1
936,Sports,Brand_25,77.69,11/2/2022,1
937,Home,Brand_11,122.5,8/17/2021,1
938,Fashion,Brand_75,52.88,6/2/2021,0
939,Electronics,Brand_98,58.86,2/24/2023,0
940,Grocery,Brand_67,11.93,5/19/2023,0
941,Sports,Brand_51,131.96,7/4/2021,1
942,Home,Brand_67,67.67,8/29/2022,1
943,Sports,Brand_13,78.46,3/14/2022,1
944,Beauty,Brand_3,20.95,3/8/2023,0
945,Sports,Brand_27,78.06,12/21/2022,1
946,Electronics,Brand_39,175.92,4/14/2021,1
947,Electronics,Brand_23,112.39,10/20/2021,1
948,Sports,Brand_34,139.69,3/30/2023,1
949,Fashion,Brand_17,35.8,2/6/2021,0
950,Fashion,Brand_68,32.46,8/4/2023,0
951,Beauty,Brand_72,36.06,3/5/2021,0
952,Sports,Brand_19,84.92,3/14/2021,1
953,Grocery,Brand_66,13.7,2/10/2023,0
954,Sports,Brand_26,82.88,4/18/2021,1
955,Grocery,Brand_4,13.06,11/27/2023,0
956,Electronics,Brand_62,173.07,4/6/2021,1
957,Grocery,Brand_42,15.41,2/21/2023,0
958,Electronics,Brand_10,96.37,12/5/2022,1
959,Electronics,Brand_46,145.57,11/20/2021,1
960,Home,Brand_54,111.77,11/13/2021,1
961,Home,Brand_67,31.44,9/28/2021,0
962,Fashion,Brand_87,29.08,9/28/2022,0
963,Electronics,Brand_51,61.2,7/1/2022,0
964,Home,Brand_1,66.35,10/17/2023,1
965,Home,Brand_11,104.54,8/7/2023,1
966,Fashion,Brand_1,71.93,4/2/2022,1
967,Beauty,Brand_12,25.75,12/30/2022,0
968,Electronics,Brand_77,151.4,11/7/2022,1
969,Fashion,Brand_36,42.68,3/10/2022,0
970,Electronics,Brand_4,88.29,11/30/2021,1
971,Electronics,Brand_78,202.56,3/12/2022,1
972,Home,Brand_34,60.71,12/14/2022,0
973,Electronics,Brand_49,196.26,3/3/2023,1
974,Sports,Brand_54,101.55,5/2/2021,1
975,Sports,Brand_80,77.56,5/15/2022,1
976,Fashion,Brand_56,82.29,5/8/2022,1
977,Fashion,Brand_44,42.76,3/17/2023,0
978,Fashion,Brand_21,38.91,1/15/2022,0
979,Sports,Brand_29,74.99,11/30/2021,1
980,Beauty,Brand_15,86.36,1/18/2023,1
981,Beauty,Brand_11,18.5,12/7/2023,0
982,Grocery,Brand_25,25.29,4/20/2022,0
983,Grocery,Brand_54,20.4,4/10/2022,0
984,Sports,Brand_2,56.13,1/26/2023,0
985,Electronics,Brand_31,183.56,4/22/2023,1
986,Grocery,Brand_58,46.89,4/10/2022,0
987,Electronics,Brand_24,100.31,1/31/2022,1
988,Fashion,Brand_21,67.41,8/14/2022,1
989,Fashion,Brand_61,69.16,7/29/2023,1
990,Sports,Brand_96,54.26,3/7/2021,0
991,Fashion,Brand_61,30.96,3/20/2022,0
992,Fashion,Brand_41,59.84,10/4/2023,0
993,Home,Brand_43,49,11/25/2023,0
994,Fashion,Brand_82,101.19,10/21/2023,1
995,Fashion,Brand_39,33.56,3/2/2022,0
996,Home,Brand_71,92,2/14/2021,1
997,Sports,Brand_35,77.46,6/23/2022,1
998,Sports,Brand_26,74.68,10/3/2021,1
999,Home,Brand_11,117.3,2/16/2022,1
1000,Beauty,Brand_21,29.68,4/9/2021,0
1001,Electronics,Brand_35,60.79,11/24/2023,0
1002,Home,Brand_8,87.78,4/30/2023,1
1003,Beauty,Brand_78,20.94,1/14/2023,0
1004,Home,Brand_10,49.93,8/31/2021,0
1005,Grocery,Brand_72,14.81,12/22/2021,0
1006,Electronics,Brand_55,131.33,8/31/2023,1
1007,Electronics,Brand_77,228.26,11/16/2023,1
1008,Fashion,Brand_37,46.5,6/10/2022,0
1009,Grocery,Brand_99,7.82,6/30/2023,0
1010,Fashion,Brand_73,77.78,12/23/2022,1
1011,Electronics,Brand_53,69.3,12/10/2022,1
1012,Fashion,Brand_69,85.52,12/7/2021,1
1013,Sports,Brand_81,98.23,4/23/2023,1
1014,Sports,Brand_8,84.39,3/11/2023,1
1015,Sports,Brand_60,82.3,9/27/2021,1
1016,Grocery,Brand_82,12.13,3/2/2021,0
1017,Grocery,Brand_64,24.85,2/24/2023,0
1018,Fashion,Brand_76,23.41,10/1/2022,0
1019,Electronics,Brand_36,68.28,11/25/2021,1
1020,Sports,Brand_53,91.71,6/5/2023,1
1021,Beauty,Brand_98,19.69,9/9/2023,0
1022,Grocery,Brand_84,16.56,12/26/2021,0
1023,Fashion,Brand_60,58.01,1/5/2021,0
1024,Fashion,Brand_22,71.58,12/23/2023,1
1025,Fashion,Brand_31,97.87,8/18/2022,1
1026,Sports,Brand_3,103.17,12/11/2022,1
1027,Fashion,Brand_72,78.14,1/22/2021,1
1028,Electronics,Brand_39,137.04,4/2/2021,1
1029,Home,Brand_6,36.26,4/11/2021,0
1030,Sports,Brand_34,37.24,9/3/2022,0
1031,Grocery,Brand_88,12.97,4/29/2021,0
1032,Beauty,Brand_63,21.92,10/6/2023,0
1033,Fashion,Brand_14,155.07,8/31/2021,1
1034,Sports,Brand_72,92.46,11/28/2021,1
1035,Sports,Brand_78,62.29,4/3/2021,1
1036,Fashion,Brand_58,63.52,12/12/2021,1
1037,Fashion,Brand_100,67.95,12/9/2023,1
1038,Beauty,Brand_79,24.92,3/5/2021,0
1039,Electronics,Brand_64,81.91,8/14/2021,1
1040,Sports,Brand_2,95.18,12/20/2021,1
1041,Electronics,Brand_70,177.68,3/14/2023,1
1042,Sports,Brand_85,118.46,10/22/2021,1
1043,Grocery,Brand_65,9.73,10/23/2023,0
1044,Electronics,Brand_61,72.15,6/24/2022,1
1045,Electronics,Brand_82,75.63,5/6/2023,1
1046,Home,Brand_15,48.73,12/20/2021,0
1047,Electronics,Brand_48,122.73,5/26/2022,1
1048,Sports,Brand_22,81.23,6/12/2021,1
1049,Electronics,Brand_82,148.9,2/16/2023,1
1050,Home,Brand_35,114.93,6/7/2023,1
1051,Grocery,Brand_61,13.82,5/1/2022,0
1052,Grocery,Brand_75,21.82,6/25/2021,0
1053,Grocery,Brand_74,17.25,10/20/2021,0
1054,Grocery,Brand_70,27.72,3/17/2021,0
1055,Electronics,Brand_73,55.93,10/12/2022,0
1056,Home,Brand_3,61.56,8/15/2021,1
1057,Fashion,Brand_8,30,10/29/2023,0
1058,Electronics,Brand_89,109.04,8/6/2023,1
1059,Beauty,Brand_64,21.02,1/18/2021,0
1060,Fashion,Brand_4,107.44,6/18/2021,1
1061,Home,Brand_68,143.14,1/27/2022,1
1062,Fashion,Brand_24,19.32,10/23/2023,0
1063,Beauty,Brand_50,22.68,5/11/2023,0
1064,Electronics,Brand_93,160.08,3/17/2023,1
1065,Beauty,Brand_52,38.77,11/17/2023,0
1066,Sports,Brand_21,54.53,5/18/2021,0
1067,Beauty,Brand_85,33.65,9/28/2022,0
1068,Beauty,Brand_28,30.27,11/6/2021,0
1069,Grocery,Brand_62,10.99,9/1/2021,0
1070,Home,Brand_50,109.87,3/22/2021,1
1071,Fashion,Brand_78,69.72,3/10/2023,1
1072,Home,Brand_31,48.95,6/1/2021,0
1073,Fashion,Brand_56,56.63,8/17/2022,0
1074,Beauty,Brand_13,20.91,12/10/2022,0
1075,Beauty,Brand_51,87.72,2/22/2023,1
1076,Fashion,Brand_23,37.29,10/22/2023,0
1077,Grocery,Brand_21,12.8,12/22/2023,0
1078,Beauty,Brand_61,41.82,11/14/2022,0
1079,Home,Brand_58,68.17,8/15/2022,1
1080,Sports,Brand_92,39.31,12/26/2023,0
1081,Electronics,Brand_100,218.38,3/22/2021,1
1082,Fashion,Brand_22,50.24,10/31/2023,0
1083,Grocery,Brand_3,13.89,10/21/2023,0
1084,Sports,Brand_52,169.51,7/11/2022,1
1085,Grocery,Brand_12,33,1/4/2023,0
1086,Sports,Brand_49,133.65,8/12/2022,1
1087,Beauty,Brand_82,21.32,3/6/2022,0
1088,Fashion,Brand_72,60.06,11/16/2022,0
1089,Electronics,Brand_2,242.28,2/16/2022,1
1090,Electronics,Brand_94,109.68,12/5/2022,1
1091,Fashion,Brand_42,26,10/4/2022,0
1092,Beauty,Brand_23,27.83,3/14/2021,0
1093,Electronics,Brand_18,71.1,11/7/2023,1
1094,Electronics,Brand_80,119.03,3/2/2023,1
1095,Electronics,Brand_74,156.37,10/25/2023,1
1096,Fashion,Brand_17,29.11,7/20/2022,0
1097,Grocery,Brand_69,13.06,8/5/2023,0
1098,Grocery,Brand_4,17.48,10/20/2022,0
1099,Electronics,Brand_15,123.87,8/13/2023,1
1100,Home,Brand_59,219.64,3/9/2022,1
1101,Fashion,Brand_17,31.37,7/28/2022,0
1102,Electronics,Brand_23,155.8,3/26/2022,1
1103,Fashion,Brand_44,32.64,11/28/2023,0
1104,Sports,Brand_50,50.01,7/4/2023,0
1105,Fashion,Brand_42,48.87,3/4/2023,0
1106,Fashion,Brand_71,50.97,8/18/2021,0
1107,Home,Brand_4,98.66,7/2/2023,1
1108,Home,Brand_95,116.16,9/30/2021,1
1109,Home,Brand_32,128.01,9/26/2021,1
1110,Beauty,Brand_89,29.13,4/12/2021,0
1111,Home,Brand_54,69.32,5/25/2022,1
1112,Grocery,Brand_6,43.2,6/19/2021,0
1113,Electronics,Brand_70,162.37,5/7/2021,1
1114,Sports,Brand_19,40.45,5/26/2021,0
1115,Fashion,Brand_58,36.49,3/31/2021,0
1116,Fashion,Brand_75,86.99,5/2/2022,1
1117,Fashion,Brand_34,99.89,12/1/2021,1
1118,Grocery,Brand_11,15.27,12/5/2021,0
1119,Home,Brand_52,83.74,4/2/2023,1
1120,Home,Brand_74,86.41,11/6/2021,1
1121,Sports,Brand_100,36.38,10/24/2022,0
1122,Home,Brand_58,55.07,3/25/2021,0
1123,Grocery,Brand_18,8.03,4/29/2022,0
1124,Fashion,Brand_29,54.03,11/24/2022,0
1125,Grocery,Brand_31,23.27,6/25/2023,0
1126,Fashion,Brand_51,22.3,7/1/2022,0
1127,Electronics,Brand_20,109.56,5/1/2021,1
1128,Fashion,Brand_68,48.44,9/18/2023,0
1129,Home,Brand_32,66.66,10/8/2021,1
1130,Fashion,Brand_95,30.16,5/27/2022,0
1131,Electronics,Brand_7,98.22,5/20/2022,1
1132,Sports,Brand_42,106.22,1/22/2022,1
1133,Grocery,Brand_77,9.37,4/2/2022,0
1134,Fashion,Brand_39,71.8,4/20/2023,1
1135,Fashion,Brand_19,88.24,4/24/2021,1
1136,Fashion,Brand_72,28.4,10/7/2022,0
1137,Electronics,Brand_1,83.59,9/10/2023,1
1138,Fashion,Brand_2,100.71,5/17/2021,1
1139,Fashion,Brand_83,23.85,11/16/2023,0
1140,Electronics,Brand_79,105.94,10/18/2021,1
1141,Electronics,Brand_72,143.6,8/29/2023,1
1142,Home,Brand_18,141.52,4/17/2023,1
1143,Fashion,Brand_18,59.19,2/1/2021,0
1144,Sports,Brand_87,65.76,5/29/2022,1
1145,Fashion,Brand_51,52.22,7/21/2022,0
1146,Home,Brand_76,101.44,1/31/2021,1
1147,Fashion,Brand_76,53.62,7/22/2023,0
1148,Grocery,Brand_80,19.18,10/24/2021,0
1149,Fashion,Brand_58,78.16,9/5/2023,1
1150,Electronics,Brand_38,87.97,4/10/2021,1
1151,Electronics,Brand_24,151.68,4/11/2021,1
1152,Grocery,Brand_89,15.71,11/5/2021,0
1153,Electronics,Brand_19,78.16,12/3/2021,1
1154,Sports,Brand_50,35.05,4/8/2021,0
1155,Grocery,Brand_89,9.43,7/3/2021,0
1156,Electronics,Brand_60,156.43,1/24/2021,1
1157,Grocery,Brand_27,13.42,7/3/2021,0
1158,Electronics,Brand_48,146.38,12/29/2023,1
1159,Beauty,Brand_89,15.56,6/28/2021,0
1160,Home,Brand_34,91.14,5/8/2021,1
1161,Electronics,Brand_68,76.12,11/10/2022,1
1162,Electronics,Brand_50,73.01,3/14/2023,1
1163,Sports,Brand_75,66.24,8/8/2021,1
1164,Electronics,Brand_61,251.74,9/27/2022,1
1165,Sports,Brand_44,36.89,3/19/2023,0
1166,Home,Brand_71,77.63,7/4/2021,1
1167,Grocery,Brand_77,17.92,5/10/2022,0
1168,Fashion,Brand_96,32.52,10/12/2023,0
1169,Electronics,Brand_95,99.87,8/14/2023,1
1170,Grocery,Brand_49,23.4,11/6/2022,0
1171,Fashion,Brand_9,57.89,12/24/2021,0
1172,Home,Brand_52,125.42,10/29/2021,1
1173,Electronics,Brand_77,140.43,1/27/2022,1
1174,Sports,Brand_84,101.99,7/1/2023,1
1175,Fashion,Brand_24,41.52,10/15/2021,0
1176,Sports,Brand_74,110.37,12/15/2021,1
1177,Beauty,Brand_97,41.65,8/24/2021,0
1178,Electronics,Brand_89,90.79,3/18/2021,1
1179,Home,Brand_23,147.81,12/26/2023,1
1180,Electronics,Brand_38,67.05,8/24/2021,1
1181,Beauty,Brand_22,26.85,5/5/2023,0
1182,Fashion,Brand_22,65.95,8/7/2022,1
1183,Electronics,Brand_61,75.43,10/15/2021,1
1184,Electronics,Brand_35,53.72,7/28/2022,0
1185,Electronics,Brand_80,306.19,4/14/2021,1
1186,Beauty,Brand_93,27.35,9/26/2021,0
1187,Fashion,Brand_66,70.27,6/23/2021,1
1188,Fashion,Brand_20,40.4,4/6/2022,0
1189,Beauty,Brand_83,23.91,9/8/2023,0
1190,Fashion,Brand_17,99.37,3/2/2021,1
1191,Fashion,Brand_57,23.63,9/8/2023,0
1192,Electronics,Brand_33,117.03,11/6/2022,1
1193,Home,Brand_70,49.26,1/10/2021,0
1194,Electronics,Brand_83,67.41,3/20/2021,1
1195,Fashion,Brand_56,40.29,1/22/2021,0
1196,Beauty,Brand_54,49.56,10/4/2023,0
1197,Home,Brand_59,87.28,6/9/2021,1
1198,Home,Brand_75,92.04,11/20/2022,1
1199,Beauty,Brand_42,44.46,10/23/2023,0
1200,Grocery,Brand_46,21.42,1/21/2021,0
1201,Fashion,Brand_100,47.81,7/3/2023,0
1202,Sports,Brand_79,60.2,9/14/2021,0
1203,Home,Brand_7,55.02,11/27/2022,0
1204,Beauty,Brand_37,20.95,10/14/2023,0
1205,Beauty,Brand_75,36.1,4/7/2023,0
1206,Grocery,Brand_66,14.9,8/27/2022,0
1207,Beauty,Brand_96,24.35,3/21/2022,0
1208,Grocery,Brand_2,25.42,4/11/2021,0
1209,Grocery,Brand_27,14.72,7/22/2022,0
1210,Fashion,Brand_100,38.65,2/15/2023,0
1211,Home,Brand_77,67.95,12/1/2022,1
1212,Beauty,Brand_84,17.18,12/6/2023,0
1213,Fashion,Brand_100,79.31,6/22/2023,1
1214,Home,Brand_29,37.51,10/21/2023,0
1215,Beauty,Brand_86,15.33,8/7/2021,0
1216,Electronics,Brand_26,98.99,1/2/2022,1
1217,Fashion,Brand_7,38.12,10/24/2022,0
1218,Home,Brand_98,111.42,2/19/2022,1
1219,Electronics,Brand_3,181.9,7/9/2023,1
1220,Fashion,Brand_30,61.33,10/11/2021,1
1221,Sports,Brand_7,49.85,3/25/2023,0
1222,Grocery,Brand_46,15.91,9/26/2021,0
1223,Home,Brand_10,83.5,4/3/2021,1
1224,Electronics,Brand_1,104.85,10/23/2023,1
1225,Home,Brand_98,84.9,12/4/2023,1
1226,Electronics,Brand_87,191.18,2/24/2022,1
1227,Electronics,Brand_45,92.27,6/26/2023,1
1228,Home,Brand_41,116.83,11/15/2023,1
1229,Grocery,Brand_63,17.23,8/5/2023,0
1230,Electronics,Brand_71,189.65,11/25/2023,1
1231,Electronics,Brand_26,103.2,6/18/2023,1
1232,Sports,Brand_85,174.13,10/9/2022,1
1233,Beauty,Brand_66,58.19,12/2/2022,0
1234,Grocery,Brand_86,20.53,8/14/2023,0
1235,Home,Brand_74,48,6/17/2022,0
1236,Home,Brand_87,92.83,8/31/2021,1
1237,Home,Brand_66,52.12,3/14/2021,0
1238,Electronics,Brand_95,118.41,4/27/2021,1
1239,Electronics,Brand_31,195.16,1/7/2023,1
1240,Electronics,Brand_54,129.44,7/9/2022,1
1241,Electronics,Brand_85,151.41,11/15/2021,1
1242,Grocery,Brand_66,15.75,9/23/2022,0
1243,Fashion,Brand_90,48.26,5/9/2022,0
1244,Sports,Brand_84,75.27,10/26/2022,1
1245,Grocery,Brand_95,16.54,12/12/2023,0
1246,Home,Brand_56,52.95,1/8/2022,0
1247,Electronics,Brand_14,79.94,10/8/2021,1
1248,Home,Brand_63,69.92,1/20/2022,1
1249,Home,Brand_6,198.92,6/3/2021,1
1250,Electronics,Brand_44,126.17,8/30/2021,1
1251,Home,Brand_75,31.47,12/14/2023,0
1252,Sports,Brand_44,53.46,3/20/2022,0
1253,Home,Brand_22,113.23,8/31/2021,1
1254,Grocery,Brand_75,16.66,3/20/2022,0
1255,Electronics,Brand_29,179.56,9/5/2023,1
1256,Beauty,Brand_64,36.77,2/9/2023,0
1257,Beauty,Brand_88,88.05,6/24/2021,1
1258,Electronics,Brand_18,107.56,8/31/2021,1
1259,Electronics,Brand_69,101.64,2/25/2023,1
1260,Fashion,Brand_82,30.97,5/3/2023,0
1261,Home,Brand_72,67.89,7/8/2022,1
1262,Home,Brand_36,43.84,10/25/2022,0
1263,Fashion,Brand_83,46.73,9/13/2021,0
1264,Grocery,Brand_94,14.63,8/30/2021,0
1265,Fashion,Brand_18,76.17,3/7/2022,1
1266,Grocery,Brand_39,14.93,9/9/2023,0
1267,Home,Brand_8,35.13,10/3/2023,0
1268,Beauty,Brand_23,69.93,7/22/2023,1
1269,Fashion,Brand_82,37.28,7/6/2023,0
1270,Home,Brand_43,44.52,10/27/2022,0
1271,Home,Brand_81,56.6,11/7/2022,0
1272,Fashion,Brand_71,62.82,8/20/2022,1
1273,Home,Brand_84,78.77,1/22/2021,1
1274,Electronics,Brand_91,94.36,3/4/2023,1
1275,Sports,Brand_82,77.22,10/7/2022,1
1276,Electronics,Brand_42,65.17,8/25/2021,1
1277,Home,Brand_95,149.88,6/9/2021,1
1278,Fashion,Brand_87,36.72,2/25/2022,0
1279,Grocery,Brand_15,9.81,11/1/2023,0
1280,Electronics,Brand_9,205.18,10/23/2021,1
1281,Electronics,Brand_48,133.83,6/23/2023,1
1282,Grocery,Brand_86,18.65,6/20/2021,0
1283,Home,Brand_71,63.43,5/8/2022,1
1284,Grocery,Brand_81,8.71,12/20/2022,0
1285,Electronics,Brand_18,125.24,10/26/2022,1
1286,Grocery,Brand_74,13.4,3/30/2023,0
1287,Electronics,Brand_54,69.44,8/12/2022,1
1288,Fashion,Brand_13,36.79,9/29/2023,0
1289,Fashion,Brand_46,54.43,11/17/2022,0
1290,Home,Brand_16,106.48,5/9/2022,1
1291,Fashion,Brand_14,46.33,5/28/2021,0
1292,Sports,Brand_45,57.51,12/21/2022,0
1293,Grocery,Brand_16,8.29,5/17/2022,0
1294,Sports,Brand_47,54.57,11/12/2021,0
1295,Grocery,Brand_20,22.12,2/27/2022,0
1296,Fashion,Brand_35,36.95,12/30/2022,0
1297,Grocery,Brand_54,13.9,10/26/2022,0
1298,Beauty,Brand_83,26.65,6/6/2022,0
1299,Electronics,Brand_81,227.99,9/20/2023,1
1300,Home,Brand_51,76.17,7/24/2021,1
1301,Fashion,Brand_59,28.14,4/26/2021,0
1302,Sports,Brand_65,66.11,10/19/2021,1
1303,Sports,Brand_33,87.5,12/10/2022,1
1304,Home,Brand_17,138.08,11/20/2021,1
1305,Sports,Brand_1,86.52,5/30/2022,1
1306,Sports,Brand_29,50.11,12/30/2021,0
1307,Fashion,Brand_98,64.28,7/25/2021,1
1308,Fashion,Brand_85,140.86,11/5/2022,1
1309,Electronics,Brand_58,164.88,5/5/2022,1
1310,Electronics,Brand_81,72.78,3/28/2021,1
1311,Beauty,Brand_17,36.39,9/28/2022,0
1312,Electronics,Brand_42,147.79,1/9/2021,1
1313,Home,Brand_59,92.37,3/13/2021,1
1314,Beauty,Brand_32,54.35,9/9/2021,0
1315,Grocery,Brand_58,7.39,12/23/2022,0
1316,Sports,Brand_6,111.46,1/30/2022,1
1317,Grocery,Brand_98,20.1,10/18/2022,0
1318,Beauty,Brand_4,40.65,7/16/2023,0
1319,Sports,Brand_32,29.75,4/17/2022,0
1320,Fashion,Brand_25,23.57,7/17/2023,0
1321,Electronics,Brand_72,139.92,5/13/2021,1
1322,Beauty,Brand_15,16.98,8/19/2023,0
1323,Sports,Brand_35,76.45,5/28/2021,1
1324,Electronics,Brand_64,161.28,8/18/2023,1
1325,Home,Brand_15,92.65,7/16/2021,1
1326,Sports,Brand_42,104.63,5/11/2023,1
1327,Fashion,Brand_84,48.49,11/20/2022,0
1328,Electronics,Brand_71,252.91,4/10/2021,1
1329,Home,Brand_27,110.08,8/5/2021,1
1330,Home,Brand_45,161.46,2/17/2022,1
1331,Fashion,Brand_45,26.02,7/3/2021,0
1332,Electronics,Brand_27,48.12,3/31/2023,0
1333,Fashion,Brand_23,120.82,3/20/2021,1
1334,Home,Brand_37,39.22,3/17/2023,0
1335,Sports,Brand_88,60.41,7/29/2021,0
1336,Electronics,Brand_23,100.93,5/2/2021,1
1337,Electronics,Brand_23,171.13,10/23/2023,1
1338,Fashion,Brand_9,41.07,9/15/2022,0
1339,Beauty,Brand_31,30.32,8/30/2022,0
1340,Electronics,Brand_74,127.38,9/18/2021,1
1341,Electronics,Brand_76,108.74,3/21/2022,1
1342,Home,Brand_72,81.29,7/1/2023,1
1343,Electronics,Brand_58,157.69,11/12/2022,1
1344,Grocery,Brand_25,13,10/2/2023,0
1345,Beauty,Brand_47,27.03,8/4/2022,0
1346,Electronics,Brand_87,137.71,8/4/2023,1
1347,Sports,Brand_22,76.32,5/25/2021,1
1348,Home,Brand_27,111.58,3/11/2022,1
1349,Sports,Brand_10,64.49,12/12/2023,1
1350,Home,Brand_15,100.74,4/16/2023,1
1351,Beauty,Brand_24,16.04,3/19/2021,0
1352,Grocery,Brand_35,12.51,1/27/2021,0
1353,Electronics,Brand_7,162.77,4/10/2021,1
1354,Fashion,Brand_96,43.85,11/1/2023,0
1355,Electronics,Brand_81,170.78,1/24/2021,1
1356,Sports,Brand_77,72.63,9/2/2022,1
1357,Home,Brand_85,60.86,6/11/2021,0
1358,Beauty,Brand_76,35.12,3/15/2021,0
1359,Fashion,Brand_16,71.71,3/2/2022,1
1360,Sports,Brand_6,76.98,1/22/2022,1
1361,Fashion,Brand_81,80.84,7/21/2023,1
1362,Fashion,Brand_98,45.09,11/17/2023,0
1363,Fashion,Brand_38,47.25,11/24/2021,0
1364,Electronics,Brand_81,140.77,1/30/2023,1
1365,Grocery,Brand_60,9.4,7/24/2021,0
1366,Sports,Brand_80,89.33,5/7/2022,1
1367,Sports,Brand_30,56.62,5/13/2021,0
1368,Grocery,Brand_75,16.96,9/13/2023,0
1369,Grocery,Brand_53,19.54,8/9/2023,0
1370,Home,Brand_40,201.24,11/30/2023,1
1371,Electronics,Brand_85,104.98,4/13/2022,1
1372,Fashion,Brand_81,38.71,6/17/2023,0
1373,Sports,Brand_99,56.49,8/20/2022,0
1374,Home,Brand_12,50.49,4/18/2022,0
1375,Grocery,Brand_67,30.13,10/25/2023,0
1376,Electronics,Brand_29,102.8,8/2/2021,1
1377,Home,Brand_44,83.23,8/26/2022,1
1378,Sports,Brand_93,70.73,3/8/2023,1
1379,Sports,Brand_5,106.22,7/16/2021,1
1380,Grocery,Brand_69,10.14,10/28/2023,0
1381,Electronics,Brand_27,220.24,5/10/2023,1
1382,Sports,Brand_10,32.38,8/12/2021,0
1383,Electronics,Brand_97,74.8,11/19/2022,1
1384,Home,Brand_66,166.68,4/28/2023,1
1385,Fashion,Brand_76,63.19,5/16/2023,1
1386,Electronics,Brand_49,205.02,10/5/2021,1
1387,Electronics,Brand_75,106.34,4/14/2023,1
1388,Electronics,Brand_8,157.3,6/5/2021,1
1389,Home,Brand_92,91.41,7/7/2023,1
1390,Electronics,Brand_12,74.12,8/18/2022,1
1391,Beauty,Brand_7,39.82,3/14/2023,0
1392,Grocery,Brand_16,18.91,10/8/2022,0
1393,Electronics,Brand_20,172.04,12/27/2021,1
1394,Electronics,Brand_97,87.62,2/5/2023,1
1395,Home,Brand_52,90.59,12/30/2021,1
1396,Electronics,Brand_17,118.51,5/19/2023,1
1397,Fashion,Brand_88,15.45,12/20/2021,0
1398,Sports,Brand_2,71.61,9/6/2022,1
1399,Home,Brand_51,65.57,1/2/2021,1
1400,Beauty,Brand_100,49.22,8/11/2021,0
1401,Beauty,Brand_2,23.39,12/6/2022,0
1402,Grocery,Brand_22,11.62,10/7/2023,0
1403,Fashion,Brand_81,42.33,10/27/2022,0
1404,Beauty,Brand_31,19.78,7/7/2023,0
1405,Electronics,Brand_62,134.98,6/5/2023,1
1406,Grocery,Brand_95,15.22,9/4/2023,0
1407,Beauty,Brand_99,14.4,10/20/2021,0
1408,Electronics,Brand_39,151.33,5/17/2023,1
1409,Sports,Brand_17,97.84,4/2/2023,1
1410,Home,Brand_89,52.99,5/18/2021,0
1411,Grocery,Brand_49,13.76,1/2/2021,0
1412,Home,Brand_61,81.12,12/13/2022,1
1413,Fashion,Brand_34,52.91,9/27/2023,0
1414,Grocery,Brand_8,14.05,10/9/2023,0
1415,Fashion,Brand_81,43.53,2/4/2021,0
1416,Fashion,Brand_92,28.98,11/21/2021,0
1417,Sports,Brand_31,73.55,4/26/2023,1
1418,Sports,Brand_87,119.16,5/27/2021,1
1419,Electronics,Brand_54,96.23,9/10/2022,1
1420,Sports,Brand_89,128.96,10/15/2023,1
1421,Fashion,Brand_52,50.96,2/8/2022,0
1422,Sports,Brand_79,106.91,10/21/2022,1
1423,Fashion,Brand_2,105.35,12/29/2022,1
1424,Home,Brand_77,81.73,3/3/2021,1
1425,Home,Brand_85,79.62,5/17/2022,1
1426,Grocery,Brand_25,7,12/8/2023,0
1427,Beauty,Brand_89,13.74,1/16/2022,0
1428,Fashion,Brand_77,39.63,8/31/2022,0
1429,Electronics,Brand_50,203.41,10/4/2021,1
1430,Electronics,Brand_18,155.99,4/23/2022,1
1431,Fashion,Brand_6,50.23,4/4/2021,0
1432,Sports,Brand_52,55.65,4/24/2021,0
1433,Home,Brand_10,57.32,5/4/2023,0
1434,Home,Brand_50,58.21,5/30/2021,0
1435,Fashion,Brand_11,51,11/21/2023,0
1436,Home,Brand_88,96.69,11/14/2021,1
1437,Electronics,Brand_79,119.46,1/3/2022,1
1438,Home,Brand_99,52.97,7/23/2021,0
1439,Grocery,Brand_1,11.71,3/2/2021,0
1440,Grocery,Brand_60,10.26,10/5/2021,0
1441,Sports,Brand_56,80.57,5/1/2021,1
1442,Grocery,Brand_99,7.42,6/22/2021,0
1443,Fashion,Brand_4,38.29,9/11/2021,0
1444,Electronics,Brand_58,97.8,4/10/2021,1
1445,Electronics,Brand_60,108.88,5/31/2022,1
1446,Fashion,Brand_2,42.41,7/20/2021,0
1447,Grocery,Brand_46,18.88,4/5/2022,0
1448,Beauty,Brand_50,19.06,11/28/2021,0
1449,Electronics,Brand_13,174.65,1/16/2023,1
1450,Fashion,Brand_73,34.55,7/11/2022,0
1451,Grocery,Brand_22,17.46,3/9/2023,0
1452,Fashion,Brand_67,51.33,4/20/2021,0
1453,Grocery,Brand_22,7.95,6/27/2021,0
1454,Sports,Brand_33,169.17,11/20/2022,1
1455,Home,Brand_8,55.61,6/18/2021,0
1456,Grocery,Brand_63,19.91,11/11/2023,0
1457,Beauty,Brand_2,47.95,12/1/2021,0
1458,Grocery,Brand_82,9.97,11/15/2023,0
1459,Home,Brand_90,139.48,9/30/2023,1
1460,Beauty,Brand_24,28.68,7/12/2021,0
1461,Home,Brand_58,33.49,3/6/2021,0
1462,Electronics,Brand_39,76.27,10/14/2021,1
1463,Electronics,Brand_24,129.98,11/29/2022,1
1464,Fashion,Brand_93,31.36,12/27/2022,0
1465,Sports,Brand_74,131.44,7/11/2022,1
1466,Grocery,Brand_98,13.29,7/6/2023,0
1467,Home,Brand_99,64.8,6/12/2022,1
1468,Electronics,Brand_23,89.27,3/29/2023,1
1469,Fashion,Brand_78,103.61,12/13/2021,1
1470,Fashion,Brand_65,35.32,3/31/2023,0
1471,Electronics,Brand_4,74.49,7/16/2022,1
1472,Fashion,Brand_78,52.51,11/2/2022,0
1473,Sports,Brand_72,86.45,11/6/2021,1
1474,Grocery,Brand_41,10.76,8/19/2023,0
1475,Fashion,Brand_11,46.11,6/21/2021,0
1476,Electronics,Brand_31,141.7,2/9/2022,1
1477,Beauty,Brand_25,56.55,11/1/2021,0
1478,Electronics,Brand_1,131.52,7/7/2023,1
1479,Grocery,Brand_74,13.52,6/26/2023,0
1480,Electronics,Brand_81,95.91,5/31/2023,1
1481,Fashion,Brand_52,65.06,4/25/2023,1
1482,Home,Brand_65,68.64,2/16/2022,1
1483,Home,Brand_63,134.33,1/12/2022,1
1484,Sports,Brand_10,88.05,12/30/2022,1
1485,Beauty,Brand_19,34.21,9/8/2021,0
1486,Home,Brand_76,94.9,3/21/2022,1
1487,Electronics,Brand_5,142.8,1/30/2021,1
1488,Grocery,Brand_15,18.04,8/8/2022,0
1489,Electronics,Brand_60,74.15,4/25/2021,1
1490,Beauty,Brand_3,78.79,1/31/2022,1
1491,Electronics,Brand_94,240.06,3/30/2022,1
1492,Fashion,Brand_97,69.06,10/2/2022,1
1493,Fashion,Brand_41,53.44,11/27/2023,0
1494,Electronics,Brand_2,108.96,8/23/2022,1
1495,Grocery,Brand_76,6.35,5/14/2022,0
1496,Electronics,Brand_11,58.9,10/25/2022,0
1497,Sports,Brand_68,59.97,10/22/2021,0
1498,Sports,Brand_89,129.5,9/1/2021,1
1499,Home,Brand_75,64.46,3/14/2021,1
1500,Grocery,Brand_93,14.98,11/18/2023,0
1501,Home,Brand_45,64.84,6/9/2022,1
1502,Grocery,Brand_50,21.93,11/19/2021,0
1503,Electronics,Brand_11,45.42,3/20/2021,0
1504,Fashion,Brand_22,57.21,7/6/2023,0
1505,Electronics,Brand_2,91.34,2/2/2021,1
1506,Fashion,Brand_23,24.39,3/25/2023,0
1507,Fashion,Brand_89,30.76,8/20/2021,0
1508,Grocery,Brand_36,23.94,2/3/2021,0
1509,Fashion,Brand_78,76.8,1/11/2022,1
1510,Fashion,Brand_9,37.01,4/16/2022,0
1511,Sports,Brand_53,50.99,10/22/2021,0
1512,Electronics,Brand_48,125.59,5/15/2021,1
1513,Sports,Brand_6,100.76,8/28/2021,1
1514,Grocery,Brand_20,7.67,6/15/2023,0
1515,Sports,Brand_99,60.57,6/28/2023,0
1516,Electronics,Brand_96,150.72,5/22/2022,1
1517,Electronics,Brand_96,120.59,12/18/2022,1
1518,Electronics,Brand_24,86.95,6/29/2021,1
1519,Electronics,Brand_43,174.74,7/9/2022,1
1520,Grocery,Brand_95,25.84,5/15/2021,0
1521,Beauty,Brand_7,28.95,7/12/2023,0
1522,Electronics,Brand_60,161.21,10/10/2021,1
1523,Electronics,Brand_49,116.93,3/10/2021,1
1524,Grocery,Brand_28,23.11,3/4/2022,0
1525,Fashion,Brand_32,62.01,4/18/2022,1
1526,Grocery,Brand_94,14.03,6/24/2023,0
1527,Sports,Brand_32,77.05,9/3/2022,1
1528,Electronics,Brand_80,74.69,3/16/2021,1
1529,Fashion,Brand_88,50.2,3/5/2021,0
1530,Home,Brand_16,100.19,11/14/2023,1
1531,Sports,Brand_25,45.69,5/19/2022,0
1532,Beauty,Brand_16,15.81,8/17/2022,0
1533,Grocery,Brand_76,13.83,6/8/2021,0
1534,Fashion,Brand_70,111.85,11/8/2022,1
1535,Grocery,Brand_64,18.29,7/21/2023,0
1536,Sports,Brand_73,94.89,7/26/2023,1
1537,Home,Brand_67,81.89,11/20/2021,1
1538,Grocery,Brand_75,14.91,1/24/2022,0
1539,Electronics,Brand_77,118.35,7/15/2021,1
1540,Grocery,Brand_63,23.51,8/20/2021,0
1541,Electronics,Brand_9,91.63,2/23/2021,1
1542,Home,Brand_49,112.28,4/8/2022,1
1543,Fashion,Brand_81,44.25,1/7/2022,0
1544,Home,Brand_59,103.33,5/7/2023,1
1545,Fashion,Brand_2,32.73,9/24/2021,0
1546,Electronics,Brand_38,65.76,8/5/2021,1
1547,Home,Brand_25,34.71,9/25/2021,0
1548,Home,Brand_95,43.64,9/27/2022,0
1549,Fashion,Brand_87,53.08,10/15/2023,0
1550,Sports,Brand_19,50.05,1/16/2023,0
1551,Grocery,Brand_27,20.88,10/18/2021,0
1552,Home,Brand_65,75.08,1/4/2021,1
1553,Fashion,Brand_15,32.84,1/26/2022,0
1554,Beauty,Brand_89,31.01,1/7/2023,0
1555,Home,Brand_44,65.12,1/2/2023,1
1556,Grocery,Brand_9,17.39,6/8/2021,0
1557,Home,Brand_10,72.93,2/18/2023,1
1558,Electronics,Brand_49,128.9,9/30/2023,1
1559,Beauty,Brand_92,21.69,1/26/2021,0
1560,Grocery,Brand_10,10.88,9/1/2021,0
1561,Fashion,Brand_74,106.46,9/26/2021,1
1562,Beauty,Brand_75,30.82,8/17/2022,0
1563,Home,Brand_28,106.29,9/6/2021,1
1564,Home,Brand_5,172.91,10/12/2022,1
1565,Fashion,Brand_12,49.38,5/15/2022,0
1566,Grocery,Brand_25,18.51,5/26/2023,0
1567,Home,Brand_1,69.15,9/18/2023,1
1568,Beauty,Brand_38,33.22,2/25/2023,0
1569,Beauty,Brand_48,46.26,1/19/2023,0
1570,Fashion,Brand_14,61.24,1/6/2021,0
1571,Beauty,Brand_3,28.74,8/13/2022,0
1572,Beauty,Brand_10,23.05,6/11/2022,0
1573,Sports,Brand_10,75.47,4/28/2021,1
1574,Beauty,Brand_83,18.52,10/16/2022,0
1575,Fashion,Brand_14,50.68,2/4/2021,0
1576,Fashion,Brand_47,31.78,5/21/2021,0
1577,Home,Brand_54,69.16,6/9/2022,1
1578,Home,Brand_87,36.21,1/11/2023,0
1579,Beauty,Brand_24,18.72,3/22/2022,0
1580,Fashion,Brand_40,42.11,7/7/2021,0
1581,Electronics,Brand_21,115.02,7/30/2021,1
1582,Grocery,Brand_67,16.82,11/22/2022,0
1583,Electronics,Brand_64,141.48,9/11/2022,1
1584,Electronics,Brand_82,204.2,9/6/2023,1
1585,Sports,Brand_37,78.6,12/2/2022,1
1586,Beauty,Brand_71,14.83,3/4/2022,0
1587,Electronics,Brand_92,96.99,12/24/2021,1
1588,Electronics,Brand_40,171.53,11/2/2021,1
1589,Beauty,Brand_67,33.18,3/2/2023,0
1590,Home,Brand_70,301.83,1/1/2023,1
1591,Electronics,Brand_88,112.86,4/13/2021,1
1592,Grocery,Brand_48,34.66,11/8/2022,0
1593,Home,Brand_36,86.78,4/26/2022,1
1594,Fashion,Brand_33,55.31,6/5/2021,0
1595,Fashion,Brand_57,35.78,7/22/2021,0
1596,Grocery,Brand_64,24.7,12/13/2023,0
1597,Home,Brand_75,47.94,8/3/2021,0
1598,Electronics,Brand_2,134.85,4/6/2023,1
1599,Fashion,Brand_74,34.7,10/28/2023,0
1600,Home,Brand_95,55.06,4/17/2023,0
1601,Electronics,Brand_9,161.98,9/17/2022,1
1602,Fashion,Brand_11,38.77,11/4/2023,0
1603,Electronics,Brand_80,73.3,8/5/2021,1
1604,Home,Brand_7,48.07,3/30/2022,0
1605,Home,Brand_7,186.91,5/4/2022,1
1606,Grocery,Brand_26,10.39,1/13/2022,0
1607,Grocery,Brand_5,20.75,5/31/2021,0
1608,Fashion,Brand_53,57.05,7/6/2021,0
1609,Beauty,Brand_79,42.28,12/14/2022,0
1610,Electronics,Brand_59,77.47,12/26/2022,1
1611,Electronics,Brand_10,94.22,11/27/2022,1
1612,Fashion,Brand_40,38.78,9/23/2023,0
1613,Grocery,Brand_85,11.17,10/19/2021,0
1614,Fashion,Brand_69,82.63,4/15/2022,1
1615,Sports,Brand_92,108.56,11/25/2021,1
1616,Fashion,Brand_26,44.41,4/12/2022,0
1617,Sports,Brand_47,62.13,11/1/2022,1
1618,Grocery,Brand_7,16.6,7/15/2022,0
1619,Home,Brand_82,72.98,6/27/2023,1
1620,Fashion,Brand_27,31.97,12/6/2023,0
1621,Fashion,Brand_49,86.09,8/26/2022,1
1622,Fashion,Brand_23,47.09,5/3/2022,0
1623,Sports,Brand_93,113.82,5/18/2021,1
1624,Home,Brand_33,51,9/13/2023,0
1625,Home,Brand_38,70.48,5/10/2021,1
1626,Sports,Brand_86,75.8,10/25/2021,1
1627,Electronics,Brand_66,157.61,4/24/2021,1
1628,Home,Brand_34,35.86,1/18/2021,0
1629,Fashion,Brand_29,29.62,8/18/2021,0
1630,Grocery,Brand_76,14.58,11/2/2022,0
1631,Home,Brand_12,57.23,4/3/2021,0
1632,Fashion,Brand_99,67.67,3/18/2021,1
1633,Fashion,Brand_19,41.19,10/29/2022,0
1634,Beauty,Brand_28,31.73,11/30/2023,0
1635,Electronics,Brand_3,84.87,6/23/2022,1
1636,Fashion,Brand_1,28.55,11/24/2023,0
1637,Electronics,Brand_97,99.7,3/7/2023,1
1638,Grocery,Brand_43,15.87,8/15/2021,0
1639,Home,Brand_59,113.29,4/8/2021,1
1640,Sports,Brand_32,97.04,8/28/2021,1
1641,Home,Brand_60,53.1,11/13/2023,0
1642,Grocery,Brand_12,23.4,7/17/2023,0
1643,Home,Brand_29,58.59,5/26/2021,0
1644,Sports,Brand_98,83.35,1/25/2021,1
1645,Electronics,Brand_53,187.35,11/29/2021,1
1646,Fashion,Brand_51,62.69,2/13/2023,1
1647,Electronics,Brand_28,49.93,5/3/2023,0
1648,Fashion,Brand_10,63.03,7/31/2023,1
1649,Electronics,Brand_60,206.34,3/9/2021,1
1650,Sports,Brand_64,36.4,12/31/2023,0
1651,Fashion,Brand_79,81.53,4/8/2023,1
1652,Beauty,Brand_43,50.25,2/7/2023,0
1653,Sports,Brand_76,54.37,1/28/2022,0
1654,Beauty,Brand_8,27.99,9/14/2022,0
1655,Sports,Brand_67,91.96,4/28/2023,1
1656,Home,Brand_98,29.22,3/13/2022,0
1657,Home,Brand_34,90.81,12/17/2022,1
1658,Electronics,Brand_72,197.11,11/11/2023,1
1659,Grocery,Brand_81,22.94,11/11/2023,0
1660,Fashion,Brand_63,48.79,5/17/2022,0
1661,Grocery,Brand_20,12.57,5/13/2022,0
1662,Electronics,Brand_15,56.53,7/12/2023,0
1663,Home,Brand_4,160.51,3/28/2021,1
1664,Fashion,Brand_23,34.32,4/8/2023,0
1665,Home,Brand_1,70.24,7/1/2021,1
1666,Electronics,Brand_14,101.31,6/9/2022,1
1667,Sports,Brand_2,71.97,5/31/2023,1
1668,Electronics,Brand_47,100.21,3/22/2023,1
1669,Grocery,Brand_83,12.72,6/30/2021,0
1670,Fashion,Brand_81,86.9,10/3/2021,1
1671,Home,Brand_83,80.72,8/9/2023,1
1672,Home,Brand_63,79.04,3/19/2021,1
1673,Home,Brand_76,81.9,3/29/2021,1
1674,Fashion,Brand_85,41.07,8/29/2023,0
1675,Home,Brand_23,65.8,12/24/2022,1
1676,Grocery,Brand_29,5.92,4/3/2023,0
1677,Sports,Brand_28,63.86,8/24/2023,1
1678,Electronics,Brand_75,121.12,12/8/2021,1
1679,Grocery,Brand_40,35.19,4/2/2021,0
1680,Sports,Brand_79,109.59,1/5/2022,1
1681,Grocery,Brand_4,12.02,4/5/2021,0
1682,Electronics,Brand_28,168.53,4/16/2021,1
1683,Electronics,Brand_76,110.15,6/27/2023,1
1684,Beauty,Brand_83,39.27,3/9/2023,0
1685,Electronics,Brand_74,85.91,11/27/2023,1
1686,Fashion,Brand_75,114.49,4/6/2022,1
1687,Home,Brand_27,74.88,10/18/2021,1
1688,Fashion,Brand_57,53.7,11/25/2021,0
1689,Home,Brand_38,25.15,5/17/2022,0
1690,Fashion,Brand_97,18.63,7/30/2023,0
1691,Home,Brand_37,73.65,2/21/2023,1
1692,Fashion,Brand_81,33.07,6/11/2023,0
1693,Fashion,Brand_27,35.42,2/21/2023,0
1694,Grocery,Brand_97,20.7,1/26/2022,0
1695,Electronics,Brand_11,88.78,12/14/2023,1
1696,Beauty,Brand_87,11.82,3/22/2023,0
1697,Home,Brand_29,68.35,12/6/2023,1
1698,Home,Brand_39,46.12,1/24/2023,0
1699,Electronics,Brand_100,86.96,6/15/2021,1
1700,Electronics,Brand_85,76.35,9/29/2022,1
1701,Electronics,Brand_85,226.78,5/11/2021,1
1702,Electronics,Brand_44,93.91,11/10/2021,1
1703,Grocery,Brand_97,22.47,7/17/2021,0
1704,Fashion,Brand_22,52.65,10/16/2021,0
1705,Fashion,Brand_19,76.51,4/23/2023,1
1706,Electronics,Brand_27,157.28,8/18/2021,1
1707,Sports,Brand_54,69.56,6/28/2023,1
1708,Beauty,Brand_71,29.28,2/1/2022,0
1709,Sports,Brand_83,51.47,8/27/2022,0
1710,Electronics,Brand_25,124.29,2/10/2022,1
1711,Electronics,Brand_70,81.58,8/11/2023,1
1712,Electronics,Brand_11,76.1,10/28/2022,1
1713,Home,Brand_28,88.37,10/14/2023,1
1714,Electronics,Brand_72,171.43,3/29/2021,1
1715,Home,Brand_5,71.9,4/15/2023,1
1716,Sports,Brand_34,50.21,8/7/2023,0
1717,Grocery,Brand_94,8.45,11/5/2023,0
1718,Electronics,Brand_75,96.81,10/21/2022,1
1719,Beauty,Brand_51,53.58,9/18/2022,0
1720,Home,Brand_29,48.37,3/20/2023,0
1721,Electronics,Brand_7,245.6,6/5/2021,1
1722,Home,Brand_68,80.38,4/29/2022,1
1723,Electronics,Brand_39,110.55,4/17/2022,1
1724,Electronics,Brand_2,74.29,3/19/2023,1
1725,Electronics,Brand_70,141.63,8/19/2022,1
1726,Electronics,Brand_88,112.51,8/23/2023,1
1727,Home,Brand_20,130.22,10/3/2022,1
1728,Home,Brand_87,45.83,6/1/2021,0
1729,Beauty,Brand_57,25.68,8/13/2021,0
1730,Fashion,Brand_6,60.55,7/28/2022,0
1731,Electronics,Brand_53,134.37,2/27/2022,1
1732,Grocery,Brand_50,20.42,4/1/2022,0
1733,Beauty,Brand_56,22.72,10/27/2021,0
1734,Home,Brand_70,69.13,7/29/2023,1
1735,Electronics,Brand_52,197.97,10/26/2022,1
1736,Sports,Brand_63,113.02,3/8/2021,1
1737,Fashion,Brand_9,73.34,2/15/2021,1
1738,Fashion,Brand_47,57.31,9/22/2021,0
1739,Fashion,Brand_97,42.42,11/6/2022,0
1740,Fashion,Brand_5,61.27,8/16/2021,1
1741,Beauty,Brand_31,39.65,11/11/2022,0
1742,Electronics,Brand_9,146.12,11/9/2022,1
1743,Grocery,Brand_34,13.72,8/30/2022,0
1744,Home,Brand_2,138.47,2/20/2023,1
1745,Beauty,Brand_98,30.65,11/18/2023,0
1746,Home,Brand_89,54.43,7/24/2022,0
1747,Grocery,Brand_47,16.13,12/23/2021,0
1748,Home,Brand_86,71.32,4/8/2023,1
1749,Home,Brand_33,113.48,12/25/2022,1
1750,Home,Brand_62,66.87,2/19/2022,1
1751,Electronics,Brand_10,119.52,8/6/2023,1
1752,Electronics,Brand_62,95.83,10/3/2022,1
1753,Fashion,Brand_54,42.98,8/31/2021,0
1754,Home,Brand_44,70.34,1/3/2022,1
1755,Home,Brand_22,159.8,7/23/2022,1
1756,Fashion,Brand_14,78.13,7/8/2021,1
1757,Fashion,Brand_54,98.28,1/18/2021,1
1758,Grocery,Brand_23,17.14,8/30/2023,0
1759,Electronics,Brand_63,98.23,2/21/2023,1
1760,Fashion,Brand_100,24.53,7/13/2022,0
1761,Fashion,Brand_28,24.7,7/29/2021,0
1762,Sports,Brand_85,81.94,2/24/2021,1
1763,Electronics,Brand_86,136.97,3/3/2022,1
1764,Electronics,Brand_41,97.59,10/4/2022,1
1765,Fashion,Brand_99,32.03,3/29/2023,0
1766,Beauty,Brand_63,29.34,5/16/2021,0
1767,Fashion,Brand_11,60.73,2/19/2022,0
1768,Sports,Brand_17,64.36,1/15/2021,1
1769,Home,Brand_83,54.01,7/26/2023,0
1770,Electronics,Brand_35,96.69,5/14/2023,1
1771,Grocery,Brand_45,5.27,10/17/2023,0
1772,Home,Brand_32,108.86,3/10/2022,1
1773,Grocery,Brand_26,9.77,3/6/2023,0
1774,Grocery,Brand_56,14.43,10/3/2021,0
1775,Grocery,Brand_18,20.35,1/16/2023,0
1776,Grocery,Brand_82,22.17,12/24/2022,0
1777,Electronics,Brand_10,241.78,1/21/2023,1
1778,Electronics,Brand_43,120.97,7/20/2023,1
1779,Electronics,Brand_34,96.17,8/16/2023,1
1780,Electronics,Brand_84,58.89,6/10/2023,0
1781,Grocery,Brand_78,15.01,1/13/2021,0
1782,Home,Brand_69,85.6,10/12/2023,1
1783,Beauty,Brand_39,38.62,2/18/2022,0
1784,Home,Brand_38,78.81,3/4/2021,1
1785,Home,Brand_3,70.22,8/7/2021,1
1786,Grocery,Brand_85,11.89,9/11/2023,0
1787,Electronics,Brand_33,142.74,1/4/2021,1
1788,Fashion,Brand_59,31.97,3/15/2021,0
1789,Sports,Brand_54,77.29,5/6/2022,1
1790,Grocery,Brand_49,7.97,1/2/2022,0
1791,Grocery,Brand_60,15.1,6/30/2021,0
1792,Electronics,Brand_80,305.81,6/2/2021,1
1793,Fashion,Brand_25,53.73,12/31/2021,0
1794,Home,Brand_44,76.77,1/29/2021,1
1795,Sports,Brand_74,43.86,10/30/2022,0
1796,Electronics,Brand_85,103.48,9/7/2022,1
1797,Beauty,Brand_79,22.95,4/11/2023,0
1798,Electronics,Brand_36,102.4,11/8/2021,1
1799,Fashion,Brand_96,26.49,1/16/2023,0
1800,Beauty,Brand_25,41.33,5/5/2022,0
1801,Fashion,Brand_13,65.46,2/17/2023,1
1802,Sports,Brand_51,63.25,11/22/2023,1
1803,Home,Brand_100,69.73,2/2/2022,1
1804,Electronics,Brand_25,45.33,7/18/2023,0
1805,Sports,Brand_75,55.93,5/19/2022,0
1806,Home,Brand_24,114.92,4/17/2023,1
1807,Fashion,Brand_87,26.19,9/15/2021,0
1808,Fashion,Brand_85,48.11,8/10/2021,0
1809,Sports,Brand_95,97.21,9/25/2021,1
1810,Home,Brand_71,57.11,10/13/2022,0
1811,Electronics,Brand_72,88.94,6/19/2022,1
1812,Fashion,Brand_86,59.43,9/8/2021,0
1813,Beauty,Brand_94,18.39,6/27/2021,0
1814,Home,Brand_53,106.97,3/16/2021,1
1815,Grocery,Brand_39,23.13,8/14/2023,0
1816,Electronics,Brand_3,83.89,2/13/2023,1
1817,Grocery,Brand_72,13.56,2/6/2021,0
1818,Sports,Brand_24,34.24,3/21/2021,0
1819,Sports,Brand_78,69.41,10/16/2023,1
1820,Fashion,Brand_85,75.78,10/1/2021,1
1821,Fashion,Brand_88,38.78,11/6/2022,0
1822,Grocery,Brand_98,10.87,12/17/2022,0
1823,Beauty,Brand_17,17.52,10/10/2022,0
1824,Grocery,Brand_9,10.39,3/24/2023,0
1825,Sports,Brand_3,50.63,5/8/2022,0
1826,Sports,Brand_12,98.34,11/14/2023,1
1827,Beauty,Brand_93,23.93,4/20/2022,0
1828,Sports,Brand_24,70.58,12/22/2023,1
1829,Fashion,Brand_39,36.68,7/25/2022,0
1830,Fashion,Brand_22,49.25,6/14/2022,0
1831,Electronics,Brand_45,114.45,9/22/2021,1
1832,Home,Brand_5,53.42,5/19/2022,0
1833,Grocery,Brand_84,6.61,5/18/2021,0
1834,Electronics,Brand_72,106.74,9/15/2021,1
1835,Home,Brand_65,64.83,5/11/2021,1
1836,Grocery,Brand_84,10.11,8/22/2023,0
1837,Grocery,Brand_95,10.49,7/8/2021,0
1838,Sports,Brand_69,31.03,7/18/2022,0
1839,Grocery,Brand_15,9.13,5/30/2021,0
1840,Grocery,Brand_91,26.44,1/30/2021,0
1841,Sports,Brand_23,76.99,2/10/2021,1
1842,Grocery,Brand_98,11.17,7/16/2023,0
1843,Electronics,Brand_15,144.89,9/21/2023,1
1844,Electronics,Brand_46,83.69,10/4/2022,1
1845,Fashion,Brand_97,50.06,11/11/2022,0
1846,Electronics,Brand_34,116.24,9/11/2022,1
1847,Electronics,Brand_24,102.51,6/19/2021,1
1848,Sports,Brand_41,74.4,5/4/2023,1
1849,Home,Brand_94,98.84,12/16/2021,1
1850,Electronics,Brand_4,99.27,2/28/2021,1
1851,Fashion,Brand_8,29.57,9/26/2022,0
1852,Fashion,Brand_7,59.62,6/23/2021,0
1853,Fashion,Brand_36,92.26,10/18/2022,1
1854,Home,Brand_66,47.76,2/7/2021,0
1855,Home,Brand_96,74.87,12/25/2021,1
1856,Home,Brand_40,89.73,9/3/2021,1
1857,Grocery,Brand_49,21.02,8/13/2022,0
1858,Beauty,Brand_89,36.76,8/30/2021,0
1859,Sports,Brand_69,37.49,3/9/2021,0
1860,Electronics,Brand_19,175.11,2/7/2023,1
1861,Sports,Brand_99,59.51,9/4/2021,0
1862,Electronics,Brand_29,254.34,5/11/2022,1
1863,Home,Brand_82,102.13,1/12/2021,1
1864,Beauty,Brand_100,51.39,1/3/2022,0
1865,Fashion,Brand_36,12.79,11/16/2023,0
1866,Home,Brand_17,56.78,9/30/2022,0
1867,Home,Brand_8,116.58,4/27/2023,1
1868,Home,Brand_95,46.09,6/30/2022,0
1869,Grocery,Brand_94,15.76,3/5/2022,0
1870,Electronics,Brand_18,55.29,3/23/2021,0
1871,Beauty,Brand_14,25.58,8/23/2021,0
1872,Grocery,Brand_17,19.38,1/17/2022,0
1873,Grocery,Brand_15,10.3,1/18/2023,0
1874,Grocery,Brand_82,9.08,4/27/2023,0
1875,Grocery,Brand_68,13.61,5/6/2021,0
1876,Home,Brand_64,76.2,4/4/2022,1
1877,Home,Brand_13,143.57,2/5/2021,1
1878,Grocery,Brand_82,16.19,7/4/2023,0
1879,Electronics,Brand_26,70.36,1/25/2023,1
1880,Beauty,Brand_100,26.73,1/6/2023,0
1881,Electronics,Brand_33,251.34,3/13/2022,1
1882,Grocery,Brand_52,14.43,10/6/2023,0
1883,Fashion,Brand_90,24.83,3/23/2022,0
1884,Fashion,Brand_23,40.61,4/24/2021,0
1885,Home,Brand_66,46.91,4/15/2023,0
1886,Sports,Brand_54,73.57,11/10/2023,1
1887,Fashion,Brand_96,35.7,3/27/2022,0
1888,Electronics,Brand_20,93.85,12/18/2021,1
1889,Grocery,Brand_52,20.09,1/1/2022,0
1890,Beauty,Brand_85,47.13,3/21/2021,0
1891,Fashion,Brand_4,48.64,4/30/2021,0
1892,Grocery,Brand_55,8.25,8/26/2023,0
1893,Fashion,Brand_51,44.24,7/28/2022,0
1894,Grocery,Brand_94,17.68,9/6/2021,0
1895,Fashion,Brand_51,28.63,2/13/2022,0
1896,Sports,Brand_25,99.37,12/6/2021,1
1897,Beauty,Brand_72,39.67,2/19/2022,0
1898,Fashion,Brand_85,26.64,1/5/2023,0
1899,Sports,Brand_1,43.98,11/23/2023,0
1900,Home,Brand_52,70.37,10/21/2022,1
1901,Home,Brand_20,58.26,9/21/2022,0
1902,Electronics,Brand_51,119.09,2/28/2022,1
1903,Electronics,Brand_69,57.68,3/22/2022,0
1904,Beauty,Brand_52,27.22,10/21/2021,0
1905,Grocery,Brand_27,16.14,8/11/2021,0
1906,Fashion,Brand_12,77.7,4/24/2022,1
1907,Home,Brand_96,36.12,12/5/2022,0
1908,Fashion,Brand_5,50.05,1/20/2023,0
1909,Grocery,Brand_82,10.99,1/6/2023,0
1910,Grocery,Brand_72,16.19,7/14/2021,0
1911,Beauty,Brand_40,25.26,6/6/2022,0
1912,Electronics,Brand_19,163.86,4/9/2023,1
1913,Home,Brand_70,117.34,9/7/2022,1
1914,Fashion,Brand_19,29.14,7/22/2022,0
1915,Fashion,Brand_52,56.99,10/13/2021,0
1916,Grocery,Brand_89,15.24,8/18/2023,0
1917,Grocery,Brand_51,9.04,2/17/2023,0
1918,Home,Brand_61,60.06,10/16/2022,0
1919,Fashion,Brand_42,67.08,9/19/2023,1
1920,Grocery,Brand_88,17.14,3/27/2022,0
1921,Home,Brand_23,70.34,2/2/2023,1
1922,Home,Brand_89,100.06,12/25/2023,1
1923,Sports,Brand_86,56.48,11/13/2023,0
1924,Sports,Brand_37,45.28,8/28/2023,0
1925,Home,Brand_90,64.92,6/1/2021,1
1926,Fashion,Brand_35,46.83,8/20/2021,0
1927,Beauty,Brand_57,42.42,8/3/2021,0
1928,Home,Brand_15,154.17,1/30/2021,1
1929,Beauty,Brand_84,56.01,1/25/2022,0
1930,Electronics,Brand_43,120.37,1/15/2023,1
1931,Fashion,Brand_34,45.92,8/23/2023,0
1932,Electronics,Brand_47,79.33,3/1/2022,1
1933,Beauty,Brand_36,28.18,4/29/2022,0
1934,Sports,Brand_57,88.93,7/17/2021,1
1935,Home,Brand_74,47.48,1/19/2022,0
1936,Fashion,Brand_63,21.52,5/12/2023,0
1937,Fashion,Brand_23,49.63,12/24/2021,0
1938,Grocery,Brand_99,9.84,1/16/2023,0
1939,Home,Brand_48,89.27,10/19/2022,1
1940,Electronics,Brand_55,98.3,9/27/2023,1
1941,Grocery,Brand_42,12.37,10/14/2021,0
1942,Electronics,Brand_60,136.46,3/12/2022,1
1943,Beauty,Brand_34,44.45,8/26/2022,0
1944,Electronics,Brand_93,85.92,11/19/2021,1
1945,Sports,Brand_35,137.49,5/28/2023,1
1946,Electronics,Brand_13,128.48,4/1/2022,1
1947,Home,Brand_1,43.68,6/7/2022,0
1948,Beauty,Brand_93,19.53,5/21/2022,0
1949,Fashion,Brand_1,53.53,7/22/2022,0
1950,Electronics,Brand_92,75.44,3/3/2021,1
1951,Fashion,Brand_71,62.52,1/15/2022,1
1952,Fashion,Brand_63,25.18,1/14/2022,0
1953,Sports,Brand_39,85.57,1/3/2022,1
1954,Home,Brand_27,49.5,12/27/2021,0
1955,Home,Brand_83,52.79,11/22/2023,0
1956,Grocery,Brand_64,15.91,8/16/2021,0
1957,Beauty,Brand_7,31.33,9/1/2021,0
1958,Beauty,Brand_81,24.85,4/15/2023,0
1959,Fashion,Brand_46,31.39,7/1/2022,0
1960,Electronics,Brand_96,251.08,6/13/2023,1
1961,Beauty,Brand_7,38.88,6/29/2022,0
1962,Home,Brand_57,73.34,6/18/2021,1
1963,Electronics,Brand_40,193.35,9/4/2023,1
1964,Home,Brand_91,80.77,12/24/2021,1
1965,Electronics,Brand_43,118.83,8/14/2022,1
1966,Electronics,Brand_20,272.44,10/1/2022,1
1967,Grocery,Brand_66,23.93,1/13/2021,0
1968,Grocery,Brand_26,18.45,4/27/2023,0
1969,Electronics,Brand_71,76.23,8/24/2021,1
1970,Fashion,Brand_19,72.92,7/24/2022,1
1971,Home,Brand_92,75.56,11/1/2021,1
1972,Home,Brand_25,74.99,6/24/2022,1
1973,Electronics,Brand_61,198.17,12/23/2021,1
1974,Fashion,Brand_92,38.63,7/31/2021,0
1975,Beauty,Brand_73,55.47,12/12/2021,0
1976,Home,Brand_3,75.47,12/19/2023,1
1977,Home,Brand_88,79.35,6/19/2022,1
1978,Electronics,Brand_7,184.06,7/27/2023,1
1979,Beauty,Brand_48,52.06,2/16/2021,0
1980,Grocery,Brand_28,11.11,6/24/2022,0
1981,Grocery,Brand_53,19.69,11/25/2023,0
1982,Home,Brand_93,49.51,2/22/2021,0
1983,Beauty,Brand_47,26.95,6/27/2022,0
1984,Grocery,Brand_16,25.27,4/20/2021,0
1985,Electronics,Brand_2,129.99,1/7/2021,1
1986,Fashion,Brand_30,41.39,11/5/2022,0
1987,Beauty,Brand_35,23.72,1/27/2022,0
1988,Electronics,Brand_66,185.56,12/28/2023,1
1989,Fashion,Brand_83,53.86,10/23/2023,0
1990,Home,Brand_12,80.41,8/20/2021,1
1991,Grocery,Brand_12,33.14,5/25/2023,0
1992,Home,Brand_14,29.21,8/25/2022,0
1993,Home,Brand_56,46.42,9/6/2022,0
1994,Sports,Brand_100,69.02,6/19/2022,1
1995,Fashion,Brand_3,70.87,6/15/2022,1
1996,Home,Brand_39,113.75,7/7/2022,1
1997,Electronics,Brand_78,141.47,6/19/2022,1
1998,Electronics,Brand_34,145.15,10/21/2021,1
1999,Fashion,Brand_94,22.88,8/11/2023,0
2000,Electronics,Brand_72,117.77,1/15/2021,1
